Name,Type,Price per night,Host,Rating,Reviews
Bajo a estrenar en pleno centro,"Alojamiento entero: piso en València, España",211,Anfitrión: Federico,,
Loft en Centro Histórico,"Alojamiento entero: loft en València, España",112,Anfitrión: Mr Flats,"4,30",50
Gran loft,"Alojamiento entero: piso en València, España",90,Anfitrión: Josue,,
El Mercat 02,"Alojamiento entero: piso en València, España",170,Anfitrión: Caro Y Lu,,
"Super Apartamento de 3 habitaciones, 2 dormitorios, wifi de aire acondicionado","Alojamiento entero: piso en València, España",120,Anfitrión: Alfonso,,
Apartamento Valencia Patraix,"Alojamiento entero: piso en València, España",95,Anfitrión: Yousaf,"4,0",6
Maravilloso apartamento en el centro de la ciudad,"Alojamiento entero: piso en València, España",170,Anfitrión: Yolanda,,
tranquilidad total.,"Alojamiento entero: piso en València, España",160,Anfitrión: Andrea,"4,38",8
apartamento con terraza,"Alojamiento entero: piso en València, España",108,Anfitrión: Vicent,"5,0",3
Superubicación 3 min Ruzafa,"Alojamiento entero: piso en València, España",80,Anfitrión: Raluca,"4,13",23
PISO PLAZA DE LA REINA Free Cov. OZONO,"Alojamiento entero: piso en València, España",144,Anfitrión: Permafrost,"4,57",392
"Piso en Ruzafa, Valencia,2 habitaciones, 2 baños","Alojamiento entero: piso en València, España",122,Anfitrión: María José,"4,81",121
Departamento independiente en el centro histórico,"Alojamiento entero: piso en València, España",120,Anfitrión: Julian,"4,57",110
El rincón de los sueños Valencia,"Alojamiento entero: piso en València, España",108,Anfitrión: Nicolas Paul,"5,0",4
Palleter 3A centro ciudad Gran Vía,"Alojamiento entero: apto. residencial en València, España",121,Anfitrión: Cong,"4,78",81
"Down Town 13, apartamento de 2 dormitorios + wifi","Alojamiento entero: piso en València, España",161,Anfitrión: Coroa Coroa,"4,20",45
Old Town Flat + Wifi + Estacionamiento + Supermercado,"Alojamiento entero: piso en València, España",216,Anfitrión: Isabel,"4,91",211
"""ABASTOS"" Lujoso apartm. Perfecto para familias.","Alojamiento entero: piso en València, España",143,Anfitrión: Dulce,"4,52",60
HOGAR EN EL CASCO HISTORICO,"Alojamiento entero: piso en València, España",144,Anfitrión: Maria,"4,87",52
"El Palomar, ático con vistas a la ciudad","Alojamiento entero: piso en València, España",103,Anfitrión: Paloma,"4,0",9
Cabanyal Valencia,"Alojamiento entero: piso en València, España",66,Anfitrión: Jose,"4,50",6
"Luminoso, cómodo, céntrico 2","Alojamiento entero: loft en València, España",117,Anfitrión: Mr Flats,"4,54",120
LUGAR CENTRAL,"Alojamiento entero: piso en Valencia, España",144,Anfitrión: Permafrost,"4,44",326
Espacioso y cómodo Av.del Puerto,"Alojamiento entero: piso en València, España",90,Anfitrión: Gabriela,"4,64",11
Sueños de Valencia,"Alojamiento entero: piso en València, España",103,Anfitrión: Maria Eulina,"5,0",3
Bonito apartamento cerca del AVE,"Alojamiento entero: piso en València, España",87,Anfitrión: Juan,"4,38",8
Bajo tipo estudio 1,"Alojamiento entero: piso en València, España",68,Anfitrión: Vadim,"3,80",5
"Céntrico, elegante y tranquilo. Ideal familias.","Alojamiento entero: apto. residencial en Valencia, España",138,Anfitrión: Laura,"4,56",215
3D/3B - Recien reformado en el centro historico,"Alojamiento entero: piso en València, España",189,Anfitrión: Alex,"4,74",165
Piso modernista reformado en el centro de Valencia,"Alojamiento entero: piso en València, España",75,Anfitrión: Carmen,"4,70",227
Romantic Petit Mercat,"Alojamiento entero: piso en Valencia, España",180,Anfitrión: Ignacio,"5,0",13
Estupendo apartamento en la playa de Las Arenas,"Alojamiento entero: piso en València, España",110,Anfitrión: Igor,"4,81",32
Apartment en ciudad de las ciencias,"Alojamiento entero: piso en València, España",112,Anfitrión: Marcos,"4,53",236
Coqueto apartamento cerca de la playa,"Alojamiento entero: piso en València, España",87,Anfitrión: Asunción,"4,62",60
Precioso apartamento con vistas a la calle la Paz.,"Alojamiento entero: piso en València, España",119,Anfitrión: Javi Y Ana,"4,68",38
Moderno y céntrico apartamento con terraza,"Alojamiento entero: piso en Valencia, España",135,Anfitrión: Irene,"4,54",184
Precioso apartamento nuevo #B con terraza & wifi,"Alojamiento entero: piso en València, España",128,Anfitrión: Mirko,"4,85",74
Colorin colorado,"Alojamiento entero: piso en València, España",93,Anfitrión: Antonio,"4,76",17
NewWave Russafa Haven,"Alojamiento entero: piso en Valencia, España",142,Anfitrión: Maria Mercedes,"4,48",160
Lux Lil Mossen,"Alojamiento entero: piso en València, España",96,Anfitrión: Jose Luis,"4,73",11
Apartamento de lujo en el centro de Valencia,"Alojamiento entero: piso en València, España",220,Anfitrión: Alejandro,"4,88",57
""" Casa Marinera"" VT-46496-V","Alojamiento entero: vivienda en València, España",130,Anfitrión: Cristina,"4,57",194
Piso en pleno centro de Valencia,"Alojamiento entero: piso en València, España",295,Anfitrión: Pilar,"4,87",
LUX Living - SuiteOlympia,"Alojamiento entero: piso en València, España",104,Anfitrión: Cecilia,"4,85",20
"Ciencias, Artes y Deportes en espectacular piso","Alojamiento entero: piso en Valencia, España",103,Anfitrión: Nazareno,"4,67",21
Apartment City of Arts,"Alojamiento entero: apto. residencial en Valencia, España",110,Anfitrión: Ovi,"4,71",346
Acogedor apartamento de dos dormitorios con dos terrazas,"Alojamiento entero: piso en València, España",103,Anfitrión: Sheila,"4,76",205
"APARTAMENTO CERCA DE LA PLAYA, DE 3 HABITACIONES","Alojamiento entero: piso en València, España",125,Anfitrión: Juan,"4,68",250
Romantic Petit Mercat,"Alojamiento entero: piso en Valencia, España",180,Anfitrión: Ignacio,"5,0",13
Gran apartamento único Mecado Central VT44901V,"Alojamiento entero: piso en València, España",120,Anfitrión: Carlos,"4,61",88
Sorolla Station Suites and Terraces WIFI&AC,"Alojamiento entero: piso en València, España",84,Anfitrión: Sorolla,"4,57",14
Casa de playa estilo 1900 para 10 personas (adaptada para discapacitados),"Alojamiento entero: vivienda en Valencia, España",220,Anfitrión: Susana Barbara,"4,65",246
Bonito apartamento en Valencia,"Alojamiento entero: piso en València, España",69,Anfitrión: Daniel,,
PISO EN FINCA ROJA CENTRO VALENCIA,"Alojamiento entero: piso en Valencia, España",170,Anfitrión: Javier,"4,87",163
Apartamento cerca del centro (B),"Alojamiento entero: piso en València, España",83,Anfitrión: Dionisio,,
Piso a 150 metros de la playa.,"Alojamiento entero: piso en València, España",200,Anfitrión: Juan,"4,55",33
"El Palomar, ático con vistas a la ciudad","Alojamiento entero: piso en València, España",103,Anfitrión: Paloma,"4,0",9
3D/3B - Recien reformado en el centro historico,"Alojamiento entero: piso en València, España",189,Anfitrión: Alex,"4,74",165
LUX Living - SuiteOlympia,"Alojamiento entero: piso en València, España",104,Anfitrión: Cecilia,"4,85",20
Old Town Flat + Wifi + Estacionamiento + Supermercado,"Alojamiento entero: piso en València, España",216,Anfitrión: Isabel,"4,91",211
Apartamento tranquilo frente al paseo y la playa,"Alojamiento entero: piso en València, España",100,Anfitrión: María José,"4,56",165
Gran loft en el corazón de Ruzafa,"Alojamiento entero: piso en València, España",126,Anfitrión: Maria,"4,53",45
Tu casa en Valencia,"Alojamiento entero: piso en València, España",110,Anfitrión: Jesus,"4,52",88
Loft cerca de la playa con balcón,"Alojamiento entero: loft en València, España",105,Anfitrión: Flats,"4,66",
Apartamento en Valencia,"Alojamiento entero: piso en València, España",104,Anfitrión: Sofi,"4,28",87
Apartamento al lado de la playa,"Alojamiento entero: piso en València, España",110,Anfitrión: Santiago,"4,89",18
Apartamento en Valencia con entrada independiente,"Alojamiento entero: apto. residencial en València, España",70,Anfitrión: Toni,"4,55",64
Apartment en ciudad de las ciencias,"Alojamiento entero: piso en València, España",112,Anfitrión: Marcos,"4,53",236
Apartamento amplio y luminoso en el centro de la ciudad con WIFI,"Alojamiento entero: piso en València, España",89,Anfitrión: Jose Manuel,"4,75",91
Moderno y céntrico apartamento con terraza,"Alojamiento entero: piso en Valencia, España",135,Anfitrión: Irene,"4,54",184
Disfruta de Ruzafa en grupo!,"Alojamiento entero: piso en València, España",241,Anfitrión: Ana,"4,85",52
excelente ubicación,"Alojamiento entero: loft en Valencia, España",110,Anfitrión: Permafrost,"4,50",408
casa típica marinera en el corazón del cabanyal,"Alojamiento entero: piso en València, España",80,Anfitrión: Carlos,"4,54",116
Esmeralda,"Alojamiento entero: piso en València, España",94,Anfitrión: Jakub & Maria,,
Nuevo Apartamento en la PLAYA!,"Alojamiento entero: vivienda en València, España",93,Anfitrión: Carlos Y Paula,"4,33",
Descubre Valencia VT-51826-V,"Alojamiento entero: piso en València, España",98,Anfitrión: Flats Rental,"4,92",12
Apartamento tranquilo frente al paseo y la playa,"Alojamiento entero: piso en València, España",100,Anfitrión: María José,"4,56",165
Ciudad las Artes Gem: Stylish Near Ruzafa & Beach,"Alojamiento entero: piso en València, España",113,Anfitrión: Rent With Us,"4,50",8
Estupendo apartamento en la playa de Las Arenas,"Alojamiento entero: piso en València, España",110,Anfitrión: Igor,"4,81",32
Carrer del Pare Luis Navarro 83 Valencia,"Alojamiento entero: piso en València, España",100,Anfitrión: Sergii,"3,82",17
Apartamento en Valencia,"Alojamiento entero: piso en València, España",104,Anfitrión: Sofi,"4,28",87
Alojamiento de lujo para que tu estancia sea perfecta,"Alojamiento entero: piso en València, España",185,Anfitrión: Javier,"4,82",101
LUX Living - SuiteOlympia,"Alojamiento entero: piso en València, España",104,Anfitrión: Cecilia,"4,85",20
Confortable apartamento para 6,"Alojamiento entero: piso en València, España",150,Anfitrión: Matias,"4,77",161
Amplia unidad de alquiler cerca de la playa de Malvarrosa,"Alojamiento entero: piso en València, España",110,Anfitrión: Sos,"4,33",70
Gran loft en el corazón de Ruzafa,"Alojamiento entero: piso en València, España",126,Anfitrión: Maria,"4,53",45
Casa de playa estilo 1900 para 10 personas (adaptada para discapacitados),"Alojamiento entero: vivienda en Valencia, España",220,Anfitrión: Susana Barbara,"4,65",246
Apartamento Torres de Quart 2,"Alojamiento entero: piso en València, España",116,Anfitrión: Elisa,"4,35",26
"APARTAMENTO CERCA DE LA PLAYA, DE 3 HABITACIONES","Alojamiento entero: piso en València, España",125,Anfitrión: Juan,"4,68",250
Olive’s apartamento 3 habitaciones,"Alojamiento entero: piso en València, España",75,Anfitrión: Anabel,,
La belleza panorámica de Valencia,"Alojamiento entero: loft en Burjasot, España",76,Anfitrión: Poór,,
Apartamento en Valencia,"Alojamiento entero: piso en València, España",104,Anfitrión: Sofi,"4,28",87
"CORAZÓN DE RUZAFA, PISO NUEVO BOHEMIO Y CÓMODO","Alojamiento entero: loft en València, España",116,Anfitrión: ValenciaGUEST,"4,44",271
Habitación con baño propio,"Habitación privada en: piso en València, España",50,Anfitrión: Sarah Kristina,"4,71",21
Apartamento al lado de la playa,"Alojamiento entero: piso en València, España",110,Anfitrión: Santiago,"4,89",18
Apartamento artístico junto a Ruzafa,"Alojamiento entero: apto. residencial en València, España",130,Anfitrión: Fabio,"4,73",48
Casa típica en el Cabanyal con terraza,"Alojamiento entero: adosado en València, España",98,Anfitrión: Laura,"4,93",41
ENCANTADOR ESTUDIO,"Alojamiento entero: loft en Valencia, España",89,Anfitrión: Permafrost,"4,35",110
"Céntrico apartamento en Ruzafa, excelentes vistas","Alojamiento entero: piso en València, España",170,Anfitrión: Ana,"4,63",87
Olive’s apartamento 3 habitaciones,"Alojamiento entero: piso en València, España",75,Anfitrión: Anabel,,
NUEVO apartamento cerca de la PLAYA/wifi/Smart tv/aire acondicionado,"Alojamiento entero: piso en València, España",105,Anfitrión: Isidro,"4,90",20
¡Increíble vista de Oceanografic y la piscina!,"Alojamiento entero: piso en València, España",180,Anfitrión: Sophie,"4,84",89
Alojamiento de lujo para que tu estancia sea perfecta,"Alojamiento entero: piso en València, España",185,Anfitrión: Javier,"4,82",101
APARTAMENTO CON WIFI EN EL CENTRO DE VALENCIA RUZAFA,"Alojamiento entero: piso en València, España",129,Anfitrión: José Vicente,"4,87",85
Espacioso Ático en el centro de Valencia VT45727V,"Alojamiento entero: loft en València, España",124,Anfitrión: Mompefam,"4,87",147
"Gran Apartment 5 pax-2Rooms-2Bth,Ac,Terrace,wifi","Alojamiento entero: piso en València, España",126,Anfitrión: Luciano,"4,0",3
Amplia unidad de alquiler cerca de la playa de Malvarrosa,"Alojamiento entero: piso en València, España",110,Anfitrión: Sos,"4,33",70
Apartamento de lujo en el centro de Valencia wifi,"Alojamiento entero: piso en València, España",121,Anfitrión: Alejandra,"4,79",160
Lujoso apartamento en Ruzafa (23a Izq),"Alojamiento entero: piso en València, España",101,Anfitrión: David,,
APARTAMENTO en el centro de la ciudad muy soleado,"Alojamiento entero: piso en València, España",100,Anfitrión: Maria Isabel,"4,46",173
Nuevo Apartamento en la PLAYA!,"Alojamiento entero: vivienda en València, España",93,Anfitrión: Carlos Y Paula,"4,33",
Apartamento en valencia centro A,"Alojamiento entero: piso en València, España",74,Anfitrión: Andy,,
Estudio reformado en el centro,"Alojamiento entero: piso en València, España",101,Anfitrión: Ruben,"4,89",
APARTAMENTO CON WIFI EN EL CENTRO DE VALENCIA RUZAFA,"Alojamiento entero: piso en València, España",129,Anfitrión: José Vicente,"4,87",85
Apartamento Port Area II,"Alojamiento entero: piso en Valencia, España",125,Anfitrión: Laura,"4,68",88
APARTAMENTO EN EL MUSEO,"Alojamiento entero: piso en València, España",140,Anfitrión: Claudio,"4,61",237
Apartamento en Valencia,"Alojamiento entero: piso en València, España",104,Anfitrión: Sofi,"4,28",87
Apartamento de 3 habitaciones,"Alojamiento entero: piso en València, España",85,Anfitrión: Jaime,"4,66",59
Apartament Beach Malvarrosa II,"Alojamiento entero: apto. residencial en València, España",93,Anfitrión: Laura,"4,63",16
Apartmento Entero/Centro/Internet/ Portero/Doorman,"Alojamiento entero: piso en València, España",86,Anfitrión: P,"4,33",76
Estudio 1º centro histórico Valencia Ciutat Vella,"Alojamiento entero: loft en Valencia, España",94,Anfitrión: Carmina Y Ivan,"4,52",387
Luminoso apartamento 5pax cerca de la playa,"Alojamiento entero: piso en Valencia, España",89,Anfitrión: Carlos Y Paula,"4,46",69
Apartamento al lado de la playa,"Alojamiento entero: piso en València, España",110,Anfitrión: Santiago,"4,89",18
Dúplex en pleno centro con mucha luz!,"Alojamiento entero: piso en València, España",101,Anfitrión: Julio,"4,69",360
Piso acogedor a estrenar en el corazón de ruzafa.,"Alojamiento entero: piso en Eixample, España",110,Anfitrión: Giusi,"4,75",
Nueva suite mediterránea de lujo,"Alojamiento entero: piso en València, España",81,Anfitrión: Nacho,"4,86",7
Lux Lil Mossen,"Alojamiento entero: piso en València, España",96,Anfitrión: Jose Luis,"4,73",11
Apartamento cerca de la playa,"Alojamiento entero: piso en València, España",114,Anfitrión: Enrique,"4,55",
¡Apartamento soleado con terraza y vistas de la ciudad vieja!,"Alojamiento entero: piso en València, España",150,Anfitrión: Jose,"4,70",107
Dúplex en pleno centro con mucha luz!,"Alojamiento entero: piso en València, España",101,Anfitrión: Julio,"4,69",360
Nueva suite mediterránea de lujo,"Alojamiento entero: piso en València, España",81,Anfitrión: Nacho,"4,86",7
Loft en el centro histórico de Valencia,"Alojamiento entero: loft en València, España",78,Anfitrión: Pablo,"4,70",
Lujoso apartamento en Ruzafa (23a Izq),"Alojamiento entero: piso en València, España",101,Anfitrión: David,,
Apartamento La Cruz,"Alojamiento entero: piso en Valencia, España",75,Anfitrión: Sheila,"4,67",3
Elegante piso céntrico Valencia,"Alojamiento entero: piso en València, España",94,Anfitrión: Hassna,"4,40",5
Perfecto Alojamiento en Ruzafa,"Alojamiento entero: piso en València, España",88,Anfitrión: Diego,"4,83",6
Piso acogedor a estrenar en el corazón de ruzafa.,"Alojamiento entero: piso en Eixample, España",110,Anfitrión: Giusi,"4,75",
Peter's casa Valencia old town,"Alojamiento entero: piso en València, España",150,Anfitrión: Peter,"4,90",194
Típica casa de pescadores españoles,"Alojamiento entero: piso en València, España",94,Anfitrión: Sara,"4,54",13
Apartamentos Sant Roc,"Alojamiento entero: suite con entrada independiente en València, España",80,Anfitrión: Nataliia,,
Apartamento en valencia centro B,"Alojamiento entero: piso en València, España",114,Anfitrión: Andy,"4,67",9
APARTAMENTO TORRES DE SERRANOS (VT-43488-V),"Alojamiento entero: piso en València, España",89,Anfitrión: Manuel,"4,92",52
Apartmento Entero/Centro/Internet/ Portero/Doorman,"Alojamiento entero: piso en València, España",86,Anfitrión: P,"4,33",76
Apartamento en valencia centro 1,"Alojamiento entero: piso en València, España",85,Anfitrión: Heidy,,
"¡Explora Valencia! wifi, la ciudad de la ciencia y Ruzafa","Alojamiento entero: piso en València, España",95,Anfitrión: Ayres,"5,0",4
Un lugar tranquilo y familiar,"Alojamiento entero: piso en València, España",78,Anfitrión: Jeison,"5,0",
Apartamento en valencia centro B,"Alojamiento entero: piso en València, España",114,Anfitrión: Andy,"4,67",9
Estupendo piso Parque Turia 3' Patio,"Alojamiento entero: piso en València, España",120,Anfitrión: Trinidad,"5,0",3
Piso acogedor a estrenar en el corazón de ruzafa.,"Alojamiento entero: piso en Eixample, España",110,Anfitrión: Giusi,"4,75",
Estudio 2 con encanto en pleno casco antiguo..,"Alojamiento entero: loft en Valencia, España",80,Anfitrión: María,"4,49",119
APARTAMENTO en el centro de la ciudad muy soleado,"Alojamiento entero: piso en València, España",100,Anfitrión: Maria Isabel,"4,46",173
Primado Reig Apartment,"Alojamiento entero: piso en València, España",115,Anfitrión: Foramen Oval,,
Lujoso apartamento en Ruzafa (23a Izq),"Alojamiento entero: piso en València, España",101,Anfitrión: David,,
¡Apartamento soleado con terraza y vistas de la ciudad vieja!,"Alojamiento entero: piso en València, España",150,Anfitrión: Jose,"4,70",107
Apartamento en valencia centro 1,"Alojamiento entero: piso en València, España",85,Anfitrión: Heidy,,
mercado colon 2 habitaciones. conde 1,"Alojamiento entero: piso en València, España",122,Anfitrión: Pablo,"4,23",31
Apartamento en valencia centro 3,"Alojamiento entero: piso en València, España",78,Anfitrión: Heidy,,
Maldonado Circles,"Alojamiento entero: piso en València, España",128,Anfitrión: Adenzo Center Flats,"4,36",
Alta 2 - Estacionamiento disponible,"Alojamiento entero: piso en València, España",140,Anfitrión: Anthony,"4,79",48
casa típica marinera en el corazón del cabanyal,"Alojamiento entero: piso en València, España",80,Anfitrión: Carlos,"4,54",116
Apartamento Moderno,"Alojamiento entero: piso en València, España",142,Anfitrión: Geral,"4,63",32
Nuevo piso de lujo en el centro,"Alojamiento entero: piso en València, España",200,Anfitrión: Alicia,"4,93",98
Loft,"Alojamiento entero: piso en València, España",125,Anfitrión: Permafrost,"4,71",24
Nuevo piso de lujo en el centro,"Alojamiento entero: piso en València, España",200,Anfitrión: Alicia,"4,93",98
Loft exterior en Av. del Puerto,"Alojamiento entero: piso en València, España",78,Anfitrión: Juan,,
Un encantador loft en el corazón de la ciudad,"Alojamiento entero: loft en València, España",100,Anfitrión: Anna,"4,21",28
La Paella stúdió Mercado Centrál,"Alojamiento entero: piso en València, España",88,Anfitrión: Dulce Violante.,"4,79",14
casa típica marinera en el corazón del cabanyal,"Alojamiento entero: piso en València, España",80,Anfitrión: Carlos,"4,54",116
Central Station y Central Park. Wifi,"Alojamiento entero: piso en València, España",105,Anfitrión: Fernando,"4,53",15
Apartamento La Cruz,"Alojamiento entero: piso en Valencia, España",75,Anfitrión: Sheila,"4,67",3
Loft Botanic Center,"Alojamiento entero: piso en València, España",108,Anfitrión: Juan Luis,"4,92",25
Bonito apartamento luminoso,"Alojamiento entero: piso en València, España",88,Anfitrión: Juan,"3,82",11
"En Carmen, cerca de la Catedral y del Parque Túria!","Alojamiento entero: piso en Valencia, España",156,Anfitrión: Miguel Ángel,"4,66",364
Precioso apartamento con vistas a la calle la Paz.,"Alojamiento entero: piso en València, España",119,Anfitrión: Javi Y Ana,"4,68",38
¡A 300 metros de la arena y del mar!,"Alojamiento entero: piso en València, España",116,Anfitrión: Susana,"4,90",10
apartamento playa de las arenas + WiFi+AC,"Alojamiento entero: vivienda vacacional en València, España",100,Anfitrión: Pablo,"4,74",69
Casa Camila,"Alojamiento entero: vivienda en València, España",98,Anfitrión: Janine,,
¡Apartamento soleado con terraza y vistas de la ciudad vieja!,"Alojamiento entero: piso en València, España",150,Anfitrión: Jose,"4,70",107
Piso con wifi cerca del centro,"Alojamiento entero: piso en València, España",105,Anfitrión: Maria Jesus,"4,52",42
Mis dulces vacaciones,"Alojamiento entero: apto. residencial en Valencia, España",76,Anfitrión: Daniel,,
Nuevo y acogedor loft en L'amistat.,"Alojamiento entero: piso en València, España",107,Anfitrión: Daniel,"4,92",12
Habitación con Baño Privado/Excelente Ubicación,"Habitación en València, España",54,Anfitrión: Desiree,"5,0",8
casa típica marinera en el corazón del cabanyal,"Alojamiento entero: piso en València, España",80,Anfitrión: Carlos,"4,54",116
¡A 300 metros de la arena y del mar!,"Alojamiento entero: piso en València, España",116,Anfitrión: Susana,"4,90",10
Mercado Central,"Alojamiento entero: piso en València, España",84,Anfitrión: David,"4,67",9
Apartamento chic en Ciutat Vella,"Alojamiento entero: vivienda en València, España",93,Anfitrión: Jean-Luc,,
Suite/apartamento con baño y cocina privada.,"Alojamiento entero: apto. residencial en València, España",59,Anfitrión: Andrea,"4,91",
Bonita habitación privada,"Habitación en València, España",30,Quédate con Juan Carlos,,
Piso con wifi cerca del centro,"Alojamiento entero: piso en València, España",105,Anfitrión: Maria Jesus,"4,52",42
Precioso apartamento con vistas a la calle la Paz.,"Alojamiento entero: piso en València, España",119,Anfitrión: Javi Y Ana,"4,68",38
Cozy apartamento entero en Ruzafa,"Alojamiento entero: piso en València, España",105,Anfitrión: Majo Y Aurelio,"4,73",49
Loft con terraza en Ruzafa,"Alojamiento entero: loft en València, España",110,Anfitrión: Paco,"4,72",250
"Apartamento con vistas, 2Hab. wifi, frente al rio","Alojamiento entero: piso en Valencia, España",75,Anfitrión: Vicente,"4,35",48
Peter's casa Valencia old town,"Alojamiento entero: piso en València, España",150,Anfitrión: Peter,"4,90",194
Estudio 3º centro histórico Valencia Ciutat Vella,"Alojamiento entero: piso en València, España",74,Anfitrión: Carmina Y Ivan,,
¡EL MEJOR apartamento en una zona de lujo!,"Alojamiento entero: piso en València, España",103,Anfitrión: Vito Max,"4,90",21
Mis dulces vacaciones,"Alojamiento entero: apto. residencial en Valencia, España",76,Anfitrión: Daniel,,
Bonito apartamento luminoso,"Alojamiento entero: piso en València, España",88,Anfitrión: Juan,"3,82",11
Apartamento Netx Central Marquek,"Alojamiento entero: piso en València, España",90,Anfitrión: Gestproyects,,
"Apartamento amplio a pie de calle, zona turística.","Alojamiento entero: vivienda en València, España",82,Anfitrión: Gerardo,"4,71",7
Habitación King con baño privado y entrada,"Habitación en València, España",55,Quédate con David & Frank,"4,82",137
precioso piso con patio a 100m del mar en Malvarro,"Alojamiento entero: piso en València, España",70,Anfitrión: Aurelio,"4,29",42
Apartamento soleado en el mercado de Ruzafa,"Alojamiento entero: piso en Valencia, España",115,Anfitrión: Jose,"4,53",403
Precioso apartamento con Parking en el Centro,"Alojamiento entero: piso en València, España",116,Anfitrión: Carlos,"4,56",131
Apartamento en la mejor ubicación de la ciudad con aparcamiento,"Alojamiento entero: piso en València, España",149,Anfitrión: Natalia Verónica,"4,55",11
Casa familiar de la estación de tren y City Plaza,"Alojamiento entero: piso en València, España",94,Anfitrión: Juan,"5,0",
APARTAMENTO CERCA DEL CENTRO,"Alojamiento entero: piso en València, España",95,Anfitrión: Ana,"4,84",90
Mis dulces vacaciones,"Alojamiento entero: apto. residencial en Valencia, España",76,Anfitrión: Daniel,,
Apartamento en valencia centro 4,"Alojamiento entero: piso en València, España",78,Anfitrión: Heidy,,
Increíble piso y gran terraza,"Alojamiento entero: piso en València, España",100,Anfitrión: Karmaria,"5,0",6
Apartamento céntrico en Valencia,"Alojamiento entero: piso en València, España",110,Anfitrión: Juan Carlos,"4,79",73
PISO CENTRAL,"Alojamiento entero: piso en València, España",110,Anfitrión: Permafrost,"4,38",86
Nuevo apartamento mediterráneo,"Alojamiento entero: piso en València, España",86,Anfitrión: Nacho,"4,33",12
Increíble estudio loft en Valencia,"Alojamiento entero: loft en València, España",97,Anfitrión: Pasquale,"4,78",90
Apartamento en el centro de la ciudad I,"Alojamiento entero: piso en València, España",129,Anfitrión: Laura,"4,75",107
Apartamento fallas,"Alojamiento entero: piso en València, España",90,Anfitrión: Marcela,,
Mercado Central Apartment,"Alojamiento entero: piso en València, España",168,Anfitrión: Luisa,"4,69",184
Apartamento fallas,"Alojamiento entero: piso en València, España",90,Anfitrión: Marcela,,
Apartamento “Mi rincón del Carmen”,"Alojamiento entero: piso en València, España",86,Anfitrión: Jose,"4,57",527
"Amplio, cómodo y ubicadísimo!","Alojamiento entero: piso en València, España",88,Anfitrión: María Del Rocío,,
Stoneflat,"Alojamiento entero: piso en València, España",89,Anfitrión: Permafrost,"4,69",13
Cozy Loft in Valencia,"Alojamiento entero: piso en València, España",75,Anfitrión: Manoel,,
APARTAMENTO 2BDR de colorido y de moda en el casco antiguo,"Alojamiento entero: piso en València, España",114,Anfitrión: Maria Antonia,"4,61",103
Apartamento Dúplex Ruzafa Valencia,"Alojamiento entero: piso en València, España",104,Anfitrión: Stockley,"5,0",3
Estudio acogedor y confortable,"Alojamiento entero: piso en València, España",85,Anfitrión: Alejandra,"4,17",6
Apartamento muy luminoso junto a la playa,"Alojamiento entero: piso en València, España",102,Anfitrión: Paula,"4,38",55
Estudio luminoso en el corazón del Cabanyal,"Alojamiento entero: loft en València, España",62,Anfitrión: Juanmi,"4,33",
BÚHO HOUSE HABITACIÓN DOBLE,"Habitación privada en: hostal en València, España",40,Anfitrión: Buho,"4,75",358
Amplio piso de dos dormitorios: tranquilo y cómodo,"Alojamiento entero: piso en València, España",151,Anfitrión: Ana,"4,78",41
Valencia Town Hall Loft encantador,"Alojamiento entero: piso en València, España",104,Anfitrión: Carmen,"4,47",
Sorolla Station Suites and Terraces WIFI&AC,"Alojamiento entero: piso en València, España",88,Anfitrión: Sorolla,"4,50",18
Joya patrimonial en el centro de Valencia,"Habitación en València, España",63,Quédate con Paolo,,
Muy acogedor con vistas al Ayuntamiento Valencia!!,"Alojamiento entero: piso en València, España",137,Anfitrión: Ana,"4,94",171
Atico con vistas terraza y parking incluido,"Alojamiento entero: piso en València, España",148,Anfitrión: Liza,"4,94",16
El Goya,"Alojamiento entero: suite con entrada independiente en València, España",70,Anfitrión: Sergii,"4,30",74
Habitación Triple AVE-Joaquín Sorolla,"Habitación en València, España",34,Anfitrión: Rafa Y Jorge,"4,68",59
Sorolla Station Suites and Terraces WIFI&AC,"Alojamiento entero: piso en València, España",88,Anfitrión: Sorolla,"4,50",18
Joya patrimonial en el centro de Valencia,"Habitación en València, España",63,Quédate con Paolo,,
Apartamento Malvarrosa,"Alojamiento entero: loft en València, España",80,Anfitrión: Mireia,"4,62",271
Amplio piso de dos dormitorios: tranquilo y cómodo,"Alojamiento entero: piso en València, España",151,Anfitrión: Ana,"4,78",41
Muy acogedor con vistas al Ayuntamiento Valencia!!,"Alojamiento entero: piso en València, España",137,Anfitrión: Ana,"4,94",171
ACOGEDOR LOFT CON ESTILO EN UBICACIÓN PREMIUM - WIFI Y AIRE ACONDICIONADO,"Alojamiento entero: piso en València, España",92,Anfitrión: Javier,"4,70",
Apartamento con vistas a Torres de Serrano puerta2,"Alojamiento entero: suite con entrada independiente en València, España",101,Anfitrión: Naturjuan,"4,80",100
"Precioso apartamento de 4 dormitorios, a 5 minutos de la playa.","Alojamiento entero: apto. residencial en Port de Sagunt, España",85,Anfitrión: Krasimira,"4,62",52
Pisos Lux4u 1Micalet: GRAN LOFT en el casco antiguo,"Alojamiento entero: apartamento con servicios en València, España",85,Anfitrión: Lucas,"4,66",333
Cómodo y tranquilo apartamento en Plaza Patriax,"Alojamiento entero: piso en València, España",65,Anfitrión: Gabriela,"4,46",50
"Planta baja cerca de la playa, Cabanyal","Alojamiento entero: piso en València, España",97,Anfitrión: Gabriela,"4,89",9
"Luz, confort y autenticidad en el centro histórico","Alojamiento entero: piso en València, España",117,Anfitrión: Bego,"4,93",239
Nuestro deseo,"Alojamiento entero: loft en València, España",90,Anfitrión: Cristina,"4,90",114
Ideal apartamento céntrico,"Alojamiento entero: piso en València, España",86,Anfitrión: Vicente,"4,33",9
Atico con vistas terraza y parking incluido,"Alojamiento entero: piso en València, España",148,Anfitrión: Liza,"4,94",16
Acogedor apto. en el centro,"Alojamiento entero: piso en València, España",150,Anfitrión: Carolina,"4,79",303
