Name,Type,Price per night,Host,Rating,Reviews,City
Alpenblick,"Alojamiento entero: piso en Diemtigen, Suiza",113,Anfitrión: Marianne,"4,97",67,Bern
Sala de estar en Berna,"Habitación en Bern, Suiza",36,Quédate con Arwen,"5,0",6,Bern
Escapada al campo,"Habitación en Utzenstorf, Suiza",31,Quédate con Franziska,,,Bern
Habitación individual privada en Berna,"Habitación en Bern, Suiza",45,Anfitrión: Weng Ian,,,Bern
Casa céntrica en Zollikofen,"Alojamiento entero: vivienda en Zollikofen, Suiza",200,Anfitrión: Michael & Selina,"5,0",7,Bern
Artista en The Green Park,"Alojamiento entero: apto. residencial en Bern, Suiza",102,Anfitrión: Cristhian,"4,68",95,Bern
Apartamento especial en una ubicación exclusiva,"Alojamiento entero: piso en Bern, Suiza",98,Anfitrión: Ursula,"4,98",446,Bern
Acogedor apartamento con patio privado en el corazón de Berna,"Alojamiento entero: piso en Bern, Suiza",82,Anfitrión: Lena,"4,90",147,Bern
Como si estuvieras en casa,"Habitación en Ostermundigen, Suiza",42,Quédate con Aline Karina,,,Bern
Apartamento espacioso y silencioso en el centro de la ciudad de Berna,"Alojamiento entero: piso en Bern, Suiza",108,Anfitrión: Jessica,,,Bern
"Habitación, Thörishaus Dorf, ""Kellerstudio""","Alojamiento entero: piso en Köniz, Suiza",43,Anfitrión: Mark,"5,0",18,Bern
¡Pequeño pero bonito! ¡Bonito y completo!,"Habitación privada en: casa de invitados en Bern, Suiza",60,Anfitrión: Martha,"4,82",218,Bern
Apartamento grande y seguro cómodo,"Alojamiento entero: piso en Bern, Suiza",216,Anfitrión: Emilie,"5,0",4,Bern
Apartamento de negocios moderno - Insel,"Alojamiento entero: piso en Bern, Suiza",102,Anfitrión: Jürg Martin,"4,92",87,Bern
Sobre los techos de Berna,"Alojamiento entero: piso en Bern, Suiza",175,Anfitrión: Stéphane,,,Bern
"""B&B alba"" en loft atmosférico y silencioso","Alojamiento entero: loft en Ostermundigen, Suiza",98,Anfitrión: Gema,"4,99",199,Bern
Estudio soleado y relajante,"Alojamiento entero: piso en Bern, Suiza",98,Anfitrión: Jazmine,"4,90",10,Bern
cHEaRT de BErn – URBErN Pulse,"Alojamiento entero: piso en Bern, Suiza",90,Anfitrión: Rinaldo,,,Bern
Apartamento entero en Europaplatz,"Alojamiento entero: piso en Bern, Suiza",98,Anfitrión: Irene,"4,95",84,Bern
La Casa Azul,"Alojamiento entero: piso en Biel, Suiza",199,Anfitrión: Liselotte,"4,91",70,Bern
Habitación preciosa cerca de la ciudad de Berna,"Habitación en Bern, Suiza",51,Quédate con Romeo,"4,57",7,Bern
4.5 Z.- Apartamento con vista a la montaña,"Alojamiento entero: apto. residencial en Spiez, Suiza",257,Anfitrión: Fabien,"4,81",,Bern
Acogedor apartamento con jardín y gimnasio,"Alojamiento entero: piso en Biel, Suiza",93,Anfitrión: Serge,"4,68",47,Bern
Safaritent 2 personas (Jungfrau) / Camping Rütti,"Tienda de campaña en Lauterbrunnen, Suiza",57,Anfitrión: Sylvia & Toni,,,Bern
"Tranquilo Ático-Apto., Super céntrico","Alojamiento entero: piso en Bern, Suiza",187,Anfitrión: Kai,"4,91",74,Bern
Apartamento en el primer piso de Fischermätteliquartier,"Alojamiento entero: piso en Bern, Suiza",129,Anfitrión: Bernadette,"4,61",38,Bern
Ahorni,"Alojamiento entero: piso en Beatenberg, Suiza",172,Anfitrión: Sonja - Interhome Group,"4,82",17,Bern
Esquí y baños en Loèche-les-Bains,"Alojamiento entero: piso en Leukerbad, Suiza",82,Anfitrión: Judit,"5,0",11,Bern
Estudio en Interlaken,"Alojamiento entero: piso en Interlaken, Suiza",154,Anfitrión: Swiss Holidays Apartments,"4,13",8,Bern
Apartamento rojo cerca de Interlaken,"Alojamiento entero: piso en Wilderswil, Suiza",158,Anfitrión: Claudia,"4,76",343,Bern
Vacaciones en Biel con terraza y fitness,"Alojamiento entero: piso en Biel, Suiza",107,Anfitrión: Serge,"4,78",9,Bern
Beatenberg Lakeview de ROOXI,"Alojamiento entero: piso en Beatenberg, Suiza",302,Anfitrión: Ruxin,"4,87",23,Bern
"Apartamento de vacaciones de 4 dormitorios en el Chalet Paradiesli, Sigriswil","Alojamiento entero: piso en Sigriswil, Suiza",180,Anfitrión: Lisa,"4,96",27,Bern
"Duplex Comfort, Dorint Blümlisalp","Alojamiento entero: piso en Beatenberg, Suiza",223,Anfitrión: Sonja - Interhome Group,"4,86",28,Bern
Weisses Haus - Alpine View,"Alojamiento entero: piso en Beatenberg, Suiza",181,Anfitrión: Aurelija,"4,95",64,Bern
"Orange Apt., casco antiguo, a 3 minutos de la estación de tren de Berna.","Habitación en apartahotel en Bern, Suiza",249,Anfitrión: Kai,"4,82",233,Bern
Retiros ocultos | The Lohner,"Alojamiento entero: piso en Reichenbach im Kandertal, Suiza",595,Anfitrión: Wes,"4,96",24,Bern
bnb-Wabern,"Alojamiento entero: piso en Köniz, Suiza",130,Anfitrión: Monica & Stephan,"4,80",304,Bern
Hermosa habitación en el casco antiguo de Berna,"Habitación en Bern, Suiza",54,Quédate con Eliane,"4,82",68,Bern
Apartamento en la ciudad de Thun,"Alojamiento entero: piso en Thun, Suiza",216,Anfitrión: Marcos,"4,93",42,Bern
"Apartamento tipo loft, bonito y céntrico","Alojamiento entero: piso en Thun, Suiza",185,Anfitrión: Nicole,"5,0",,Bern
La mejor ubicación cerca del centro de Berna,"Alojamiento entero: piso en Berna, Suiza",226,Anfitrión: Stefan,"4,90",382,Bern
Romántico apartamento amplio DG,"Alojamiento entero: loft en Reichenbach, Suiza",141,Anfitrión: Mathias & Christina,"4,98",189,Bern
Sennenwohnung Bärghuus Axalp,"Alojamiento entero: piso en Axalp, Suiza",129,Anfitrión: Peter,"4,90",200,Bern
"Maisonette-Apt., casco antiguo, a 3 minutos de la estación de Berna","Alojamiento entero: piso en Bern, Suiza",170,Anfitrión: Kai,"4,69",661,Bern
Vivir en el casco histórico en la habitación 35,"Alojamiento entero: piso en Thun, Suiza",69,Anfitrión: Anton,"4,66",124,Bern
Precioso estudio en villa del siglo XVIII,"Alojamiento entero: villa en Thun, Suiza",118,Anfitrión: Jennifer,"4,87",54,Bern
Hermoso apartamento de 2 habitaciones y vistas ingeniosas,"Alojamiento entero: piso en Schangnau, Suiza",87,Anfitrión: Erna & Albrecht,"4,83",233,Bern
Espléndido loft con vistas al lago,"Alojamiento entero: loft en Neuchâtel, Suiza",226,Anfitrión: Regina,"5,0",7,Bern
"Dormitorio de la ciudad perfecto, amplio y moderno","Alojamiento entero: piso en Bern, Suiza",226,Anfitrión: Corinne & Chris,"5,0",14,Bern
Casa acogedora Natur-/Stadtnah cerca de Berna,"Alojamiento entero: vivienda en Köniz, Suiza",208,Anfitrión: Anneke,"4,75",,Bern
Casa señorial en una ubicación tranquila y céntrica.,"Alojamiento entero: piso en Grenchen, Suiza",98,Anfitrión: Jan,"4,93",89,Bern
Hogar del amor,"Alojamiento entero: piso en Ostermundigen, Suiza",113,Anfitrión: Lisboa,"4,74",70,Bern
"Niederli - Oase, Spiez","Alojamiento entero: vivienda en Spiez, Suiza",118,Anfitrión: Martin,"4,97",68,Bern
Lugar mágico y piscina de Beatenberg,"Habitación en Beatenberg, Suiza",212,Quédate con Gerti,"4,90",551,Bern
Elegante apartamento. Terraza de 120 metros cuadrados - balcón y gimnasio,"Alojamiento entero: piso en Biel, Suiza",111,Anfitrión: Serge,"4,82",17,Bern
Acogedor apartamento en el ático,"Alojamiento entero: piso en Burgdorf, Suiza",139,Anfitrión: Dino,"4,96",,Bern
En la habitación 25: estar en el casco antiguo,"Alojamiento entero: piso en Thun, Suiza",70,Anfitrión: Anton,"4,69",173,Bern
"Estudio de la ciudad, casco antiguo, a 3 minutos de la estación de Berna","Alojamiento entero: piso en Bern, Suiza",124,Anfitrión: Kai,"4,70",821,Bern
"¡Lujo, apartamento en el centro de la ciudad! NETFLIX, Apple TV","Alojamiento entero: piso en Lucerna, Suiza",163,Anfitrión: Nico,"4,62",183,Bern
Estudio con vistas al lago y a la montaña,"Alojamiento entero: piso en Beatenberg, Suiza",157,Anfitrión: Karin Joyce,"5,0",,Bern
Casa en zona rural,"Alojamiento entero: piso en Zollikofen, Suiza",98,Anfitrión: Hans,"4,80",247,Bern
Alojamiento en Emmentaler Spycher de 300 años,"Habitación en Ersigen, Suiza",23,Anfitrión: Alexander,"4,70",44,Bern
Apartamento nuevo totalmente equipado cerca del centro de Berna,"Alojamiento entero: piso en Bern, Suiza",100,Anfitrión: Edon,"4,81",208,Bern
¡Apartamento de 2 habitaciones cerca de Lucerna! Lucerna de 2 dormitorios,"Alojamiento entero: piso en Emmen, Suiza",93,Anfitrión: Marie-Theres,"4,91",65,Bern
Bnb de l 'Ermitage - apartamento. con impresionantes vistas,"Alojamiento entero: piso en Neuchâtel, Suiza",134,Anfitrión: Evelyne,"5,0",71,Bern
Hermoso apartamento de 2 habitaciones y vistas ingeniosas,"Alojamiento entero: piso en Schangnau, Suiza",87,Anfitrión: Erna & Albrecht,"4,83",233,Bern
Disfruta de las vacaciones con vistas a Gehrihorn,"Alojamiento entero: piso en Reichenbach im Kandertal, Suiza",103,Anfitrión: Susanne & Martin,"4,68",80,Bern
Margretsapartement,"Alojamiento entero: piso en Saxeten, Suiza",103,Anfitrión: Ursula,"4,92",53,Bern
Retiros ocultos | The Lohner,"Alojamiento entero: piso en Reichenbach im Kandertal, Suiza",595,Anfitrión: Wes,"4,96",24,Bern
Apartamento romántico en el lago y la montaña Pure Swissness,"Alojamiento entero: piso en Brienz, Suiza",190,Anfitrión: Holiday Brienz,"4,85",198,Bern
Swissalps chalééé,"Alojamiento entero: piso en Beatenberg, Suiza",154,Anfitrión: René,"4,89",139,Bern
Acogedora cabaña en la bella Brunngasse,"Alojamiento entero: adosado en Brienz, Suiza",111,Anfitrión: David,"4,77",94,Bern
"la mejor ubicación, moderno apartamento urbano","Alojamiento entero: piso en Bern, Suiza",123,Anfitrión: Corinne & Chris,,,Bern
Puro idilio: nuevo apartamento en una antigua granja,"Alojamiento entero: piso en Hilterfingen, Suiza",123,Anfitrión: Nadja,"4,97",69,Bern
Precioso estudio en una villa del siglo XVIII,"Alojamiento entero: villa en Thun, Suiza",131,Anfitrión: Jennifer,"4,91",184,Bern
Margretsapartement,"Alojamiento entero: piso en Saxeten, Suiza",103,Anfitrión: Ursula,"4,92",53,Bern
¡Apartamento de 2 habitaciones cerca de Lucerna! Lucerna de 2 dormitorios,"Alojamiento entero: piso en Emmen, Suiza",93,Anfitrión: Marie-Theres,"4,91",65,Bern
acogedora habitación artística/arte/ cultura de la noche,"Alojamiento entero: piso en Interlaken, Suiza",152,Anfitrión: Barbara & Simona,"4,43",382,Bern
En la habitación 25: estar en el casco antiguo,"Alojamiento entero: piso en Thun, Suiza",70,Anfitrión: Anton,"4,69",173,Bern
Apartamentos la terraza solárium del Oberland bernés,"Alojamiento entero: piso en Beatenberg, Suiza",137,Anfitrión: Alexandra,"4,96",289,Bern
"Precioso apartamento de 1,5 habitaciones en centro de Friburgo","Alojamiento entero: piso en Friburgo, Suiza",87,Anfitrión: Isabella,"4,93",69,Bern
Romántico apartamento amplio DG,"Alojamiento entero: loft en Reichenbach, Suiza",141,Anfitrión: Mathias & Christina,"4,98",189,Bern
Bnb de l 'Ermitage - apartamento. con impresionantes vistas,"Alojamiento entero: piso en Neuchâtel, Suiza",134,Anfitrión: Evelyne,"5,0",71,Bern
Apartamento estudio con estacionamiento y jardín privado,"Alojamiento entero: apartamento con servicios en Köniz, Suiza",108,Anfitrión: Eileen & John,"4,85",34,Bern
Apartamento de ensueño en el lago Murten,"Alojamiento entero: piso en Faoug, Suiza",120,Anfitrión: Matthias,"4,96",,Bern
"Apartamento ""Seehorn"" con olla caliente en las montañas","Alojamiento entero: vivienda vacacional en Diemtigen, Suiza",108,Anfitrión: Christian,"4,98",57,Bern
"Estacionamiento gratuito en Stylisch Loft, Netflix","Alojamiento entero: loft en Lucerna, Suiza",114,Anfitrión: Nico,"4,44",185,Bern
LOFT junto al lago: tu casa en el agua,"Alojamiento entero: piso en Thun, Suiza",187,Anfitrión: Alain,"5,0",10,Bern
Charmant mobil-home au camping d 'Avenches,"Minicasa en Avenches, Suiza",113,Anfitrión: Geoffrey,,,Bern
Charmant mobil-home au camping d 'Avenches,"Minicasa en Avenches, Suiza",113,Anfitrión: Geoffrey,,,Bern
Paraíso alpino en Oberland bernés,"Alojamiento entero: piso en Frutigen, Suiza",96,Anfitrión: Gabriela,"4,70",69,Bern
Un apartamento acogedor para unas vacaciones relajadas,"Alojamiento entero: piso en Arni, Suiza",85,Anfitrión: Erich,"4,95",41,Bern
Puro idilio: nuevo apartamento en una antigua granja,"Alojamiento entero: piso en Hilterfingen, Suiza",123,Anfitrión: Nadja,"4,97",69,Bern
⭐Acogedora casa con estufa de leña y jardín soleado⭐,"Alojamiento entero: casa de invitados en Wengi, Suiza",100,Anfitrión: Anja & Raphael,"5,0",185,Bern
"Patio trasero-Apto, casco antiguo, a 3 minutos de la estación de Berna","Alojamiento entero: piso en Bern, Suiza",172,Anfitrión: Kai,"4,59",431,Bern
Apartamento luminoso de 1 habitación muy acogedor —-,"Alojamiento entero: piso en Bern, Suiza",58,Anfitrión: Stefanie,"4,40",5,Bern
Casa en zona rural,"Alojamiento entero: piso en Zollikofen, Suiza",98,Anfitrión: Hans,"4,80",247,Bern
Habitación con baño privado y entrada,"Habitación en Nidau, Suiza",27,Quédate con Helena B.,"4,60",52,Bern
Vistas a los praderas,"Alojamiento entero: piso en Worb, Suiza",77,Anfitrión: Thomas Und Christine,"4,85",150,Bern
¡Apartamento con vistas de ensueño!,"Alojamiento entero: piso en Beatenberg, Suiza",,Anfitrión: Penelope,,,Bern
"Apartamento ""LA puerta roja""","Alojamiento entero: piso en Unterseen, Suiza",150,Anfitrión: Stefanie,"4,93",92,Bern
Pequeño y encantador ático,"Alojamiento entero: piso en Bern, Suiza",85,Anfitrión: Andrea Und Urs,"4,96",27,Bern
"Estacionamiento gratuito en Stylisch Loft, Netflix","Alojamiento entero: loft en Lucerna, Suiza",114,Anfitrión: Nico,"4,44",185,Bern
Apartamentos la terraza solárium del Oberland bernés,"Alojamiento entero: piso en Beatenberg, Suiza",137,Anfitrión: Alexandra,"4,96",289,Bern
Acogedor apartamento en Blackwater,"Alojamiento entero: vivienda vacacional en Rüschegg Heubach, Suiza",81,Anfitrión: Christian,"4,92",62,Bern
Estudio con vistas a la montaña y Diemtigtal 2,"Alojamiento entero: apto. residencial en Bern, Suiza",72,Anfitrión: Ursula,"4,86",29,Bern
Precioso estudio en villa del siglo XVIII,"Alojamiento entero: villa en Thun, Suiza",118,Anfitrión: Jennifer,"4,87",54,Bern
⭐Acogedora casa con estufa de leña y jardín soleado⭐,"Alojamiento entero: casa de invitados en Wengi, Suiza",100,Anfitrión: Anja & Raphael,"5,0",185,Bern
Apartamento hogareño en el corazón del Emmental,"Alojamiento entero: piso en Röthenbach im Emmental, Suiza",98,Anfitrión: Sarah,"4,96",57,Bern
Acogedor apartamento en Blackwater,"Alojamiento entero: vivienda vacacional en Rüschegg Heubach, Suiza",81,Anfitrión: Christian,"4,92",62,Bern
"Habitación minimalista, casco antiguo, a 3 minutos de la estación de Berna","Habitación en Bern, Suiza",81,Anfitrión: Kai,"4,75",,Bern
Logotipo céntrico y moderno de 1 habitación,"Alojamiento entero: piso en Bern, Suiza",123,Anfitrión: Flo,"4,93",121,Bern
Apartamento en ático de 2 habitaciones Wohlensee,"Alojamiento entero: piso en Wohlen bei Bern, Suiza",56,Anfitrión: Claude,"4,88",,Bern
Acogedora cabaña en la bella Brunngasse,"Alojamiento entero: adosado en Brienz, Suiza",111,Anfitrión: David,"4,77",94,Bern
¡Apartamento con vistas de ensueño!,"Alojamiento entero: piso en Beatenberg, Suiza",,Anfitrión: Penelope,,,Bern
"Apartamento ""LA puerta roja""","Alojamiento entero: piso en Unterseen, Suiza",150,Anfitrión: Stefanie,"4,93",92,Bern
En mitad de Berna,"Alojamiento entero: piso en Bern, Suiza",123,Anfitrión: Kristina,,,Bern
habitación individual oriental en B'n'B Thunerstern,"Habitación privada en: piso en Thun, Suiza",58,Anfitrión: B'N'B,"4,68",153,Bern
Paraíso alpino en Oberland bernés,"Alojamiento entero: piso en Frutigen, Suiza",96,Anfitrión: Gabriela,"4,70",69,Bern
Estudio Panoramablick Oberhofen,"Alojamiento entero: piso en Oberhofen am Thunersee, Suiza",110,Anfitrión: Franz,"4,87",999,Bern
Nuevo apartamento renovado cerca del centro de Berna,"Alojamiento entero: piso en Bern, Suiza",82,Anfitrión: Huber,"4,70",466,Bern
Hermoso y luminoso apartamento con una galería,"Alojamiento entero: piso en Forst bei Längenbühl, Suiza",69,Anfitrión: Katrin,"4,90",31,Bern
"Apartamento dorado, casco antiguo, a 3 minutos de la estación de tren de Berna","Habitación en apartahotel en Bern, Suiza",153,Anfitrión: Kai,"4,86",207,Bern
Apartamentos la terraza solárium del Oberland bernés,"Alojamiento entero: piso en Beatenberg, Suiza",137,Anfitrión: Alexandra,"4,96",289,Bern
"Apartamento de 4,5 habitaciones en el campo","Alojamiento entero: piso en Schwarzenburg, Suiza",123,Anfitrión: Verena,"4,89",110,Bern
"Habitación minimalista, casco antiguo, a 3 minutos de la estación de Berna","Habitación en Bern, Suiza",81,Anfitrión: Kai,"4,75",,Bern
"Apartamento ""LA puerta roja""","Alojamiento entero: piso en Unterseen, Suiza",150,Anfitrión: Stefanie,"4,93",92,Bern
Habitación privada e independiente en Berna,"Alojamiento entero: suite con entrada independiente en Bern, Suiza",87,Anfitrión: DIsabel,"4,71",21,Bern
"Apartamento dorado, casco antiguo, a 3 minutos de la estación de tren de Berna","Habitación en apartahotel en Bern, Suiza",153,Anfitrión: Kai,"4,86",207,Bern
"Apartamento tipo loft, bonito y céntrico","Alojamiento entero: piso en Thun, Suiza",185,Anfitrión: Nicole,"5,0",,Bern
Precioso apartamento de 1 habitación con terraza y cerca de la Universidad,"Alojamiento entero: piso en Bern, Suiza",76,Anfitrión: Daniel,"4,85",87,Bern
⭐Acogedora casa con estufa de leña y jardín soleado⭐,"Alojamiento entero: casa de invitados en Wengi, Suiza",100,Anfitrión: Anja & Raphael,"5,0",185,Bern
Apartamento hogareño en el corazón del Emmental,"Alojamiento entero: piso en Röthenbach im Emmental, Suiza",98,Anfitrión: Sarah,"4,96",57,Bern
Habitación romántica - entrada independiente,"Habitación en Bern, Suiza",77,Quédate con Janina & Daniela,"4,96",207,Bern
"Apartamento de 4,5 habitaciones en el campo","Alojamiento entero: piso en Schwarzenburg, Suiza",123,Anfitrión: Verena,"4,89",110,Bern
Hermoso y luminoso apartamento con una galería,"Alojamiento entero: piso en Forst bei Längenbühl, Suiza",69,Anfitrión: Katrin,"4,90",31,Bern
Paraíso alpino en Oberland bernés,"Alojamiento entero: piso en Frutigen, Suiza",96,Anfitrión: Gabriela,"4,70",69,Bern
Encantadora habitación individual tranquila,"Habitación en Bern, Suiza",54,Quédate con Esther,,,Bern
Habitación privada en la ciudad de Berna,"Habitación en Bern, Suiza",62,Quédate con Veronica,"4,82",39,Bern
habitación individual oriental en B'n'B Thunerstern,"Habitación privada en: piso en Thun, Suiza",58,Anfitrión: B'N'B,"4,68",153,Bern
Apartamento con vistas bonitas,"Alojamiento entero: piso en Diemtigen, Suiza",53,Anfitrión: Hildegard Und Peter,"4,98",200,Bern
¡A pocos pasos de los mejores sitios de Berna! Ubicación conveniente,"Alojamiento entero: piso en Berna, Suiza",144,Anfitrión: Sara And Rob,"4,90",335,Bern
Alquiler en Panoramadorp Beatenberg,"Alojamiento entero: piso en Beatenberg, Suiza",75,Anfitrión: Joke,"4,58",172,Bern
Los mejores apartamentos modernos con garaje,"Alojamiento entero: apto. residencial en Bern, Suiza",103,Anfitrión: Michael,"4,94",114,Bern
Acogedor dormitorio privado a 4 minutos del centro de la ciudad,"Habitación en Bern, Suiza",51,Quédate con Setayesh,"4,72",25,Bern
¡A pocos pasos de los mejores sitios de Berna! Ubicación conveniente,"Alojamiento entero: piso en Berna, Suiza",144,Anfitrión: Sara And Rob,"4,90",335,Bern
"Apartamento superior, Altstadt","Alojamiento entero: piso en Bern, Suiza",158,Anfitrión: Kai,"4,88",340,Bern
habitación individual oriental en B'n'B Thunerstern,"Habitación privada en: piso en Thun, Suiza",58,Anfitrión: B'N'B,"4,68",153,Bern
"Acogedora habitación en el distrito más moderno, incluida la salida después de la hora establecida.","Habitación en Bern, Suiza",69,Anfitrión: Pascal,"4,86",,Bern
Habitación en el centro de Berna,"Habitación en Bern, Suiza",78,Quédate con Remo,,,Bern
acogedora habitación artística/arte/ cultura de la noche,"Alojamiento entero: piso en Interlaken, Suiza",152,Anfitrión: Barbara & Simona,"4,43",382,Bern
Alquiler en Panoramadorp Beatenberg,"Alojamiento entero: piso en Beatenberg, Suiza",75,Anfitrión: Joke,"4,58",172,Bern
Apartamento en Little Park,"Alojamiento entero: apto. residencial en Bern, Suiza",103,Anfitrión: Cristhian,"4,73",169,Bern
"Acogedor, cómodo y céntrico","Alojamiento entero: piso en Bern, Suiza",93,Anfitrión: Laura,,,Bern
Schönes Studio en Steffisburg,"Alojamiento entero: piso en Steffisburg, Suiza",77,Anfitrión: Verena,"4,99",92,Bern
"Ferienwohnung ""Rötiblick""","Alojamiento entero: piso en Welschenrohr, Suiza",77,Anfitrión: Irene,"4,90",61,Bern
Acogedor y elegante estudio en el centro de la ciudad,"Alojamiento entero: piso en Biel, Suiza",78,Anfitrión: Salome,"4,80",25,Bern
"Pequeño pero agradable: habitación tranquila, céntrica, rural","Habitación en Niederhünigen, Suiza",35,Quédate con Damaris,"4,89",57,Bern
Estudio con vistas al lago y a la montaña,"Alojamiento entero: piso en Beatenberg, Suiza",154,Anfitrión: Chalet Lerche,"4,75",4,Bern
¡A pocos pasos de los mejores sitios de Berna y de un gran diseño también!,"Alojamiento entero: piso en Berna, Suiza",154,Anfitrión: Sara And Rob,"4,91",342,Bern
Cuna de campo muy cómoda,"Alojamiento entero: vivienda en Sorvilier, Suiza",87,Anfitrión: Silvia,"5,0",9,Bern
"Pequeño pero agradable: habitación tranquila, céntrica, rural","Habitación en Niederhünigen, Suiza",35,Quédate con Damaris,"4,89",57,Bern
Acogedor y elegante estudio en el centro de la ciudad,"Alojamiento entero: piso en Biel, Suiza",78,Anfitrión: Salome,"4,80",25,Bern
Un oasis en mi oasis.,"Habitación en Burgdorf, Suiza",57,Quédate con Anja,"4,97",270,Bern
Schönes Studio en Steffisburg,"Alojamiento entero: piso en Steffisburg, Suiza",77,Anfitrión: Verena,"4,99",92,Bern
Diseño de ensueño,"Alojamiento entero: loft en Bern, Suiza",116,Anfitrión: Thomas,"4,81",16,Bern
Estudio con vistas al lago y a la montaña,"Alojamiento entero: piso en Beatenberg, Suiza",154,Anfitrión: Chalet Lerche,"4,75",4,Bern
Le Tréfle - Biel/Bienne,"Alojamiento entero: piso en Biel, Suiza",51,Anfitrión: Karin,,,Bern
SwissHut Amazing Views Alps & Lake Thun,"Alojamiento entero: piso en Merligen, Suiza",307,Anfitrión: SwissHut Chalets & Apartments,"5,0",49,Bern
Cuna de campo muy cómoda,"Alojamiento entero: vivienda en Sorvilier, Suiza",87,Anfitrión: Silvia,"5,0",9,Bern
¡A pocos pasos de los mejores sitios de Berna y de un gran diseño también!,"Alojamiento entero: piso en Berna, Suiza",154,Anfitrión: Sara And Rob,"4,91",342,Bern
Apartamento 75m2 Moderno reformado completo Oct 2021!,"Alojamiento entero: apto. residencial en Biel, Suiza",113,Anfitrión: Vincent,"4,83",12,Bern
minicasa am gurten berg in bern,"Minicasa en Köniz, Suiza",93,Anfitrión: Erich,"4,87",38,Bern
Apartamento de 1 habitación en alquiler en Berna,"Alojamiento entero: piso en Bern, Suiza",98,Anfitrión: Liyan,,,Bern
"Ice Attic-Apt, casco antiguo, a 3 minutos de la estación de tren","Habitación en apartahotel en Bern, Suiza",129,Anfitrión: Kai,"4,84",218,Bern
Habitación idílica en casa con jardín,"Habitación en Steffisburg, Suiza",57,Quédate con Dominik,,,Bern
"FF 's LAKE VIEW Beauty, Free Parking","Alojamiento entero: suite con entrada independiente en Spiez, Suiza",154,Anfitrión: Meifang,"4,76",449,Bern
Apartamento de ensueño en Berner Oberland (con Netflix),"Alojamiento entero: piso en Kandergrund, Suiza",77,Anfitrión: Franziska,"4,89",142,Bern
Dulce vivienda,"Alojamiento entero: piso en Wattenwil, Suiza",71,Anfitrión: Albrecht,"4,98",138,Bern
Habitación confortable,"Habitación en Friburgo, Suiza",31,Quédate con Eric,"4,77",75,Bern
Biohof Schwarzenberg,"Granja en Rüti bei Riggisberg, Suiza",80,Anfitrión: Irene,"4,81",103,Bern
SwissHut Amazing Views Alps & Lake Thun,"Alojamiento entero: piso en Sigriswil, Suiza",101,Anfitrión: SwissHut Chalets & Apartments,"4,82",44,Bern
tranquilidad y naturaleza,"Alojamiento entero: vivienda en Prêles, Suiza",123,Anfitrión: Beatrice,"4,69",13,Bern
Chaléé Kunterbunt,"Alojamiento entero: piso en Ringgenberg, Suiza",142,Anfitrión: Cony,"4,90",302,Bern
Apartamento idílico en vegetación cerca del lago,"Alojamiento entero: piso en Thun, Suiza",123,Anfitrión: Samuel,"4,96",70,Bern
"Apartamento vintage, casco antiguo, a 3 minutos a pie de la estación de Berna","Alojamiento entero: piso en Bern, Suiza",200,Anfitrión: Kai,"4,76",592,Bern
Loft en el borde verde de Berna cerca del río Aare,"Alojamiento entero: loft en Worblaufen, Suiza",86,Anfitrión: Jürg,"4,87",30,Bern
Apartamento en Bellach cerca del centro de Solothurn,"Alojamiento entero: piso en Bellach, Suiza",67,Anfitrión: Marie-Claude,"4,87",39,Bern
Acogedor estudio en casa,"Habitación privada en: vivienda en Bern, Suiza",72,Anfitrión: Esther,"4,71",370,Bern
Apartamento de ensueño en Berner Oberland (con Netflix),"Alojamiento entero: piso en Kandergrund, Suiza",77,Anfitrión: Franziska,"4,89",142,Bern
SwissHut Amazing Views Alps & Lake Thun,"Alojamiento entero: piso en Sigriswil, Suiza",101,Anfitrión: SwissHut Chalets & Apartments,"4,89",19,Bern
Habitación con todas las comodidades,"Habitación privada en: piso en Ittigen, Suiza",74,Anfitrión: Swiss Migration,"4,75",,Bern
Ferienwohnung auf der Hinteregg,"Alojamiento entero: piso en Gohl, Suiza",57,Anfitrión: Verena,"4,92",213,Bern
La Casa de los Viajeros,"Alojamiento entero: piso en Bern, Suiza",103,Anfitrión: Yuskeily,,,Bern
"""El Mirador"" Stunning views from top of Interlaken","Alojamiento entero: piso en Beatenberg, Suiza",93,Anfitrión: Andrea & Theo,"4,97",64,Bern
Estudio en Mont Vully con vistas al lago Murten,"Alojamiento entero: piso en Bellerive, Suiza",70,Anfitrión: Eliane,"4,89",139,Bern
35R Estudio Contemporáneo en el corazón de Luzern,"Alojamiento entero: piso en Lucerna, Suiza",104,Anfitrión: TemporaryLiving,"4,71",102,Bern
"Apartamento cómodo de 1,5 habitaciones","Alojamiento entero: piso en Diemtigen, Suiza",71,Anfitrión: Margret,"4,66",171,Bern
Apartamento de ensueño en Berner Oberland (con Netflix),"Alojamiento entero: piso en Kandergrund, Suiza",77,Anfitrión: Franziska,"4,89",142,Bern
"""El Mirador"" Stunning views from top of Interlaken","Alojamiento entero: piso en Beatenberg, Suiza",93,Anfitrión: Andrea & Theo,"4,97",64,Bern
Precioso y acogedor estudio,"Alojamiento entero: apto. residencial en Vallon, Suiza",71,Anfitrión: Geoffrey,"4,95",,Bern
¡Experiencia vacacional acogedora en una ubicación privilegiada!,"Alojamiento entero: piso en Grindelwald, Suiza",93,Anfitrión: Doris,"4,93",74,Bern
Estudio Sonniges en Grindelwald / Sunny Studio,"Alojamiento entero: piso en Grindelwald, Suiza",164,Anfitrión: Simone,"4,82",208,Bern
A los pies de la nariz,"Alojamiento entero: piso en Reichenbach im Kandertal, Suiza",62,Anfitrión: Beno,"4,96",78,Bern
Residence zum Löwen Double Room,"Habitación en Lucerna, Suiza",84,Anfitrión: Nina,,,Bern
Estudio en Mont Vully con vistas al lago Murten,"Alojamiento entero: piso en Bellerive, Suiza",70,Anfitrión: Eliane,"4,89",139,Bern
Hübeli Lodge,"Alojamiento entero: piso en Eggiwil, Suiza",82,Anfitrión: Karin,"5,0",52,Bern
Piso propio de la casa del siglo XIV,"Alojamiento entero: piso en Wimmis, Suiza",37,Anfitrión: Sara,"4,29",116,Bern
Hermoso departamento con vista a la montaña y jacuzzi,"Alojamiento entero: piso en Konolfingen, Suiza",109,Anfitrión: Ursula,"4,99",,Bern
Acogedor estudio de granja,"Alojamiento entero: piso en Schwanden Sigriswil, Suiza",62,Anfitrión: Bettina & Jürg,"4,92",84,Bern
"Acogedor apartamento de 1,5 habitaciones","Alojamiento entero: apto. residencial en Reichenbach im Kandertal, Suiza",65,Anfitrión: Katrin,"4,95",85,Bern
Precioso apartamento con buenas vistas y aparcamiento,"Alojamiento entero: piso en Erlenbach im Simmental, Suiza",77,Anfitrión: Nadine,"5,0",34,Bern
"Altbauwohnug, Berna Zentrum","Alojamiento entero: piso en Bern, Suiza",170,Anfitrión: Andrea,"4,93",60,Bern
LentulusSkyAppartement,"Alojamiento entero: piso en Bern, Suiza",133,Anfitrión: Matteo,"5,0",5,Bern
Retiros ocultos | The Eiger,"Alojamiento entero: piso en Reichenbach im Kandertal, Suiza",367,Anfitrión: Wes,"4,93",28,Bern
"Apartamento azul, casco antiguo, a 3 minutos de la estación de tren de Berna.","Habitación en apartahotel en Bern, Suiza",127,Anfitrión: Kai,"4,81",204,Bern
Acogedor estudio de granja,"Alojamiento entero: piso en Schwanden Sigriswil, Suiza",62,Anfitrión: Bettina & Jürg,"4,92",84,Bern
Habitación tranquila con ambiente japonés en Biel,"Habitación en Biel, Suiza",26,Quédate con Michèle,"4,89",142,Bern
"Preciosa azotea, aparcamiento con vistas a la montaña.","Alojamiento entero: apto. residencial en Leissigen, Suiza",165,Anfitrión: Eva Maria,"4,96",74,Bern
Weisses Haus - Top,"Alojamiento entero: piso en Beatenberg, Suiza",185,Anfitrión: Aurelija,"4,99",82,Bern
Bergwohl,"Alojamiento entero: piso en Grindelwald, Suiza",139,Anfitrión: Fabienne+Werner,"4,97",147,Bern
En el centro de Berna,"Habitación en Bern, Suiza",87,Quédate con Konni,"5,0",23,Bern
Acogedor idilio de montaña con cocina,"Alojamiento entero: piso en Wengen, Suiza",139,Anfitrión: Roland + Martina,"4,95",107,Bern
Hobbit House Appartment Gandalf,"Alojamiento entero: piso en Därligen, Suiza",154,Anfitrión: Peter,"4,71",17,Bern
Apartamento Rústico en granja,"Granja en Rüschegg Gambach, Suiza",123,Anfitrión: Anja,"5,0",9,Bern
"Habitación en la torre, casa de huéspedes a pie del monte Mount","Alojamiento entero: piso en Kriens, Suiza",60,Anfitrión: Gästehaus Im Rank Marcel & Dunja,"4,83",220,Bern
"Lugar de ensueño en el lago, senderismo de montaña, ciclismo, natación","Alojamiento entero: piso en Spiez, Suiza",75,Anfitrión: Amadeo,"4,29",203,Bern
"Apartamento de 2,5 habitaciones con patio en Liebewil","Alojamiento entero: vivienda en Köniz, Suiza",95,Anfitrión: Jacqueline,"4,90",41,Bern
Vacaciones en el Municipio de Trub im Emmental,"Alojamiento entero: vivienda en Trubschachen, Suiza",68,Anfitrión: Heinz,"4,96",117,Bern
Estudio Le Petit Ciel,"Alojamiento entero: piso en Auvernier, Suiza",93,Anfitrión: Françoise,"4,93",332,Bern
Berna a 2ZiWhg a 8 min del centro,"Alojamiento entero: piso en Bern, Suiza",98,Anfitrión: Ingrid,"4,90",80,Bern
Alójate en Emmentaler Speicher de 300 años,"Habitación en Ersigen, Suiza",43,Anfitrión: Alexander,"4,54",26,Bern
Apartamento en Plagne CH con jardín privado,"Alojamiento entero: vivienda en Plagne, Suiza",54,Anfitrión: Daniel,"4,90",144,Bern
"Apartamento de 2,5 habitaciones con patio en Liebewil","Alojamiento entero: vivienda en Köniz, Suiza",95,Anfitrión: Jacqueline,"4,90",41,Bern
Berna a 2ZiWhg a 8 min del centro,"Alojamiento entero: piso en Bern, Suiza",98,Anfitrión: Ingrid,"4,90",80,Bern
Ferienwohnung am Rinderberg,"Alojamiento entero: piso en Zweisimmen, Suiza",71,Anfitrión: Lukas,"4,83",35,Bern
"Kleines, zentrales Studio (404)","Alojamiento entero: piso en Biel, Suiza",31,Anfitrión: Theater Orchester Biel Solothurn,,,Bern
Harder,"Alojamiento entero: piso en Interlaken, Suiza",158,Anfitrión: Sonja - Interhome Group,,,Bern
EL CEDRO - Biel/Bienne,"Alojamiento entero: loft en Biel, Suiza",57,Anfitrión: Alex,"4,85",105,Bern
SwissHut Amazing Views Alps & Lake Thun,"Alojamiento entero: apto. residencial en Oberhofen am Thunersee, Suiza",127,Anfitrión: SwissHut Chalets & Apartments,"5,0",10,Bern
Apartamento panorámico directamente en el,"Alojamiento entero: piso en Sigriswil, Suiza",216,Anfitrión: Maria,"4,93",15,Bern
Vacaciones en Biel con terraza y fitness,"Alojamiento entero: piso en Biel, Suiza",107,Anfitrión: Serge,"4,78",9,Bern
Acogedor apartamento de 3 dormitorios en la estación de Burglauenen,"Alojamiento entero: piso en Grindelwald, Suiza",257,Anfitrión: Dany,"4,87",118,Bern
Estudio con cocina y ducha privada,"Habitación en Plateau de Diesse, Suiza",36,Quédate con Mikael,"4,85",13,Bern
Acogedor y cómodo apartamento en naturaleza tranquila,"Alojamiento entero: piso en Trub, Suiza",71,Anfitrión: Mike + Co,"4,98",288,Bern
Vista alpina con balcón cerca de Interlaken,"Alojamiento entero: piso en Wilderswil, Suiza",193,Anfitrión: Salome,"4,94",17,Bern
Precioso estudio con vistas al Niesen,"Alojamiento entero: piso en Reichenbach im Kandertal, Suiza",78,Anfitrión: Thomas,"4,94",50,Bern
Estudio muy cómodo,"Alojamiento entero: piso en Reichenbach im Kandertal, Suiza",73,Anfitrión: Manuela,"4,96",99,Bern
Apartamento de 1 dormitorio con chimenea y terraza privada,"Alojamiento entero: piso en Oberdiessbach, Suiza",81,Anfitrión: Danja-Maria,"5,0",,Bern
Cabaña suiza con vistas increíbles a los Alpes y al lago Thun,"Alojamiento entero: apto. residencial en Sigriswil, Suiza",213,Anfitrión: SwissHut Chalets & Apartments,"4,92",50,Bern
Alojamiento con encanto en el puesto de la policía anterior,"Alojamiento entero: piso en Niederscherli, Suiza",96,Anfitrión: Susanne Und Ryan,"4,96",78,Bern
Ferienwohnung im Prenzlauer Berg,"Alojamiento entero: piso en Berlín, Alemania",200,Anfitrión: Fatos,"5,0",27,Berlin
Apartamento para 5 personas en el centro,"Alojamiento entero: piso en Berlín, Alemania",127,Anfitrión: Svitlana,"5,0",4,Berlin
Apartamento de lujo en pleno Berlín 4,"Alojamiento entero: piso en Berlín, Alemania",90,Anfitrión: Wuang,,,Berlin
Increíble apartamento por P&M en Prenzlauer Berg,"Alojamiento entero: apto. residencial en Berlín, Alemania",141,Anfitrión: Polina,"4,84",176,Berlin
Apartamento para 8 personas en el centro,"Alojamiento entero: piso en Berlín, Alemania",215,Anfitrión: Svitlana,"4,80",5,Berlin
Bonito apartamento y bonito lugar,"Alojamiento entero: piso en Berlín, Alemania",122,Anfitrión: Lana,,,Berlin
Heartbeat of Berlin: Stay by East Side Gallery.,"Alojamiento entero: piso en Berlín, Alemania",300,Anfitrión: Markus,"4,91",11,Berlin
Apartamento antiguo en Neukölln cerca de Tempelhofer Feld,"Alojamiento entero: piso en Berlín, Alemania",197,Anfitrión: Ferhat Leon,"5,0",13,Berlin
Apartamento 3 al lado de Warschauer Platz y Spree,"Alojamiento entero: piso en Berlín, Alemania",102,Anfitrión: Lev,"4,70",23,Berlin
Apartamento de 3 habitaciones B1,"Alojamiento entero: piso en Berlín, Alemania",170,Anfitrión: Duc Son,"4,64",176,Berlin
405 * Apartamento urbano en la zona superior *,"Alojamiento entero: piso en Berlín, Alemania",246,Anfitrión: Douglas,,,Berlin
primeflats - Apartment Langhans Berlin Weißensee,"Alojamiento entero: apartamento con servicios en Berlín, Alemania",126,Anfitrión: Primeflats,,,Berlin
Apartamento 1 junto a Warschauer Platz and Spree,"Habitación en apartahotel en Berlín, Alemania",109,Anfitrión: Lev,"4,84",25,Berlin
2Rms GRAN piso centro de la ciudad Mitte1A ubicación privilegiada,"Alojamiento entero: piso en Berlín, Alemania",183,Anfitrión: Lana,"4,47",83,Berlin
Acogedor apartamento cerca de la Isla de los Museos. Entrada independiente.,"Alojamiento entero: suite con entrada independiente en Berlín, Alemania",200,Anfitrión: Lyudmila,"4,69",61,Berlin
2132 * Lugares emblemáticos del centro de la ciudad,"Alojamiento entero: piso en Berlín, Alemania",372,Anfitrión: Douglas,,,Berlin
Apartamento XXL en el corazón de Berlín en Alexander Platz,"Alojamiento entero: piso en Berlín, Alemania",167,Anfitrión: Stefan,"4,48",,Berlin
NUEVO Y ACOGEDOR GRAN CENTRO@ROSENTHALER PLATZ,"Alojamiento entero: piso en Berlín, Alemania",283,Anfitrión: Eugen,"4,67",105,Berlin
Hotel Comenius - Mezzanine Double Bed and Bunkbed,"Habitación en hotel en Berlín, Alemania",139,Anfitrión: Marco,"4,59",17,Berlin
Una habitación en la mano,"Habitación privada en: piso en Berlín, Alemania",45,Anfitrión: Abdalla,,,Berlin
Acogedor apartamento tipo estudio en Friedrichshain,"Alojamiento entero: piso en Berlín, Alemania",65,Anfitrión: Gian Luca,"4,50",,Berlin
Apartamento arquitectónico en Kreuzberg,"Alojamiento entero: piso en Berlín, Alemania",78,Anfitrión: Jan,"4,72",457,Berlin
numa I Suite Espaciosa en Checkpoint Charlie,"Alojamiento entero: apartamento con servicios en Berlín, Alemania",96,Anfitrión: Numa Arc,"4,63",,Berlin
Piso acogedor y tranquilo en Prenzlauer Berg,"Alojamiento entero: piso en Berlín, Alemania",103,Anfitrión: Lisa,"4,92",12,Berlin
numa | Habitación moderna con registro de entrada digital,"Alojamiento entero: apartamento con servicios en Berlín, Alemania",93,Anfitrión: Numa Drift,"4,77",,Berlin
Apartamento Kiez en Alexanderplatz!,"Alojamiento entero: piso en Berlín, Alemania",86,Anfitrión: Arthur,"4,64",14,Berlin
numa | Acogedor estudio en la vibrante Friedrichshain,"Alojamiento entero: apartamento con servicios en Berlín, Alemania",82,Anfitrión: Numa Boxer,"4,71",,Berlin
Stayery | Estudio moderno cerca de Boxhagener Platz,"Alojamiento entero: apartamento con servicios en Berlín, Alemania",87,Anfitrión: Stayery,"4,74",830,Berlin
Apartamento para 3 personas en el centro,"Alojamiento entero: piso en Berlín, Alemania",102,Anfitrión: Svitlana,"5,0",3,Berlin
Acogedor Apartamento Tranquilo en Centro de Berlín,"Alojamiento entero: piso en Berlín, Alemania",96,Anfitrión: Lars,"4,64",184,Berlin
Generador Mitte: cama en un dormitorio de 4 camas.,"Habitación en Berlín, Alemania",32,Anfitrión: Generator,"4,43",1224,Berlin
"4 Elegante, fresco, encantador, decorado, moderno","Alojamiento entero: piso en Berlín, Alemania",100,Anfitrión: Dietrich,"4,66",271,Berlin
Hermoso studio en Viktoria Park,"Alojamiento entero: piso en Berlín, Alemania",99,Anfitrión: Fulvia,"4,42",187,Berlin
Hay algo especial .,"Alojamiento entero: piso en Berlín, Alemania",78,Anfitrión: BerlinSurfHostel,"4,75",487,Berlin
Rosenthaler Platz 60qm Loft Flat,"Alojamiento entero: piso en Berlín, Alemania",76,Anfitrión: Howy,"4,83",147,Berlin
numa | Habitación doble moderna en la animada Charlottenburg,"Alojamiento entero: apartamento con servicios en Berlín, Alemania",80,Anfitrión: Numa Savi,"4,71",,Berlin
Hay algo especial .,"Alojamiento entero: piso en Berlín, Alemania",78,Anfitrión: BerlinSurfHostel,"4,75",487,Berlin
Top Spot in Mitte,"Alojamiento entero: piso en Berlín, Alemania",216,Anfitrión: Martin,"4,83",416,Berlin
Apartamento pequeño pero bonito,"Alojamiento entero: piso en Berlín, Alemania",75,Anfitrión: Reno,"4,30",430,Berlin
Acogedor apartamento pequeño en Friedrichshain,"Alojamiento entero: piso en Berlín, Alemania",120,Anfitrión: Selina,,,Berlin
Apartamento de 2 habitaciones A2,"Alojamiento entero: piso en Berlín, Alemania",146,Anfitrión: Duc Son,"4,54",59,Berlin
En Alexanderplatz con una vista de la torre de televisión!,"Alojamiento entero: apto. residencial en Berlín, Alemania",96,Anfitrión: Arthur,"4,43",14,Berlin
¡Justo en Alexanderplatz!,"Alojamiento entero: piso en Berlín, Alemania",99,Anfitrión: Arthur,"4,84",77,Berlin
Apartamento nuevo en el corazón de Friedrichshain,"Alojamiento entero: piso en Berlín, Alemania",173,Anfitrión: Sebghatullah,"5,0",4,Berlin
Apartamento de lujo en pleno Berlín 7,"Alojamiento entero: piso en Berlín, Alemania",90,Anfitrión: Wuang,"5,0",3,Berlin
Acogedor estudio 4 huéspedes tranquilos solo con StayBearlin,"Alojamiento entero: piso en Berlín, Alemania",132,Anfitrión: Alan & Kasia StayBearlin,"4,61",294,Berlin
mejor situado Apartamento/Bergmannkiez/Potsdamer Platz,"Alojamiento entero: piso en Berlín, Alemania",100,Anfitrión: Pascal,"4,54",230,Berlin
Apartamento en el último piso de Berlín,"Alojamiento entero: piso en Berlín, Alemania",85,Anfitrión: Peter,"4,48",433,Berlin
Neukölln ... ¡muy especial!Apto. No.4,"Alojamiento entero: piso en Berlín, Alemania",66,Anfitrión: BerlinSurfHostel,"4,72",222,Berlin
Apartamento elegante y amigable con la música,"Alojamiento entero: piso en Berlín, Alemania",79,Anfitrión: Natalia,"4,82",203,Berlin
Nuevo apartamento de arquitectura en el centro de Berlín,"Alojamiento entero: piso en Berlín, Alemania",129,Anfitrión: Fiete,"5,0",3,Berlin
Central Stylish Sweet Studio G,"Alojamiento entero: loft en Berlín, Alemania",102,Anfitrión: Sam,"4,75",135,Berlin
Flattering Berlin 4-7,"Alojamiento entero: piso en Berlín, Alemania",161,Anfitrión: Flattering,"4,37",30,Berlin
Alojamiento con encanto en Kreuzberg,"Alojamiento entero: piso en Berlín, Alemania",110,Anfitrión: Kevin,"4,84",323,Berlin
Impresionante loft de diseño en la mejor ubicación de Kreuzberg,"Alojamiento entero: loft en Berlín, Alemania",180,Anfitrión: Pablo,"4,96",26,Berlin
Apartamento de 2 habitaciones A4,"Alojamiento entero: piso en Berlín, Alemania",110,Anfitrión: Duc Son,"4,48",120,Berlin
Apartamento de 1 habitación,"Alojamiento entero: piso en Berlín, Alemania",68,Anfitrión: Oussama,,,Berlin
Doble Hotel Gat Point Charlie Berlin,"Habitación en hotel en Berlín, Alemania",102,Anfitrión: Hotel Gat Point Charlie,"4,56",1005,Berlin
Kreuzberg...muy especial!!,"Alojamiento entero: piso en Berlín, Alemania",94,Anfitrión: BerlinSurfHostel,"4,76",506,Berlin
"Saludos, entonces el hotel","Alojamiento entero: piso en Berlín, Alemania",115,Anfitrión: Bilal,"3,80",5,Berlin
Apartamento agradable en Prenzlauer Berg,"Alojamiento entero: piso en Berlín, Alemania",120,Anfitrión: Paulina,"4,95",101,Berlin
Acogedor apartamento hippie en Neukölln,"Alojamiento entero: piso en Berlín, Alemania",120,Anfitrión: Maria,"4,73",11,Berlin
¡PRECIO ESPECIAL! ¡Zona de Boxi! piso de 5 personas,"Alojamiento entero: piso en Berlín, Alemania",86,Anfitrión: Bert,"4,70",274,Berlin
Apartamento de lujo en pleno Berlín 5,"Alojamiento entero: piso en Berlín, Alemania",90,Anfitrión: Wuang,,,Berlin
NUEVO - Hermoso loft en el patio trasero directamente en Kreuzberg,"Alojamiento entero: loft en Berlín, Alemania",115,Anfitrión: Kevin,"4,82",188,Berlin
Bonito y gran sótanoen el canal kreuzberg,"Alojamiento entero: piso en Berlín, Alemania",97,Anfitrión: Mario,,,Berlin
acogedor y tranquilo apartamento junto a Berghain,"Alojamiento entero: piso en Berlín, Alemania",144,Anfitrión: Jana,"4,67",,Berlin
"Acogedor loft, ideal para disfrutar de Berlín","Alojamiento entero: piso en Berlín, Alemania",122,Anfitrión: Marc,"4,63",129,Berlin
Apartamento A3 de 1 habitación,"Alojamiento entero: piso en Berlín, Alemania",90,Anfitrión: Duc Son,"4,62",79,Berlin
Apartamento de vacaciones en Berlin Mitte-Wedding,"Alojamiento entero: piso en Berlín, Alemania",95,Anfitrión: Steffi,"4,32",365,Berlin
Estudio en el centro de KREUZBERG *Legal*,"Alojamiento entero: piso en Berlín, Alemania",63,Anfitrión: Xperior,"4,47",294,Berlin
Apto. 3 • céntrico • metro • terraza,"Alojamiento entero: piso en Berlín, Alemania",131,Anfitrión: Derek,,,Berlin
Estudio en el centro de KREUZBERG *Legal*,"Alojamiento entero: piso en Berlín, Alemania",63,Anfitrión: Xperior,"4,47",294,Berlin
204 * El mejor lugar para estar en el centro de la ciudad *,"Alojamiento entero: piso en Berlín, Alemania",264,Anfitrión: Douglas,,,Berlin
Apartamento de vacaciones en Berlin Mitte-Wedding,"Alojamiento entero: piso en Berlín, Alemania",95,Anfitrión: Steffi,"4,32",365,Berlin
Apto. 3 • céntrico • metro • terraza,"Alojamiento entero: piso en Berlín, Alemania",131,Anfitrión: Derek,,,Berlin
Acogedor apartamento cerca de relajantes CAFETERÍAS VERDES,"Alojamiento entero: piso en Berlín, Alemania",138,Anfitrión: Frank,"4,76",168,Berlin
"Ap Kreuzberg, 4 dormitorios únicos","Alojamiento entero: piso en Berlín, Alemania",129,Anfitrión: Florian,,,Berlin
numa I Habitación para 2 personas en Checkpoint Charlie,"Alojamiento entero: apartamento con servicios en Berlín, Alemania",134,Anfitrión: Numa Arc,"4,65",,Berlin
Apartamento en Berlin Moabit con terraza,"Alojamiento entero: piso en Berlín, Alemania",96,Anfitrión: Bilal,"4,88",17,Berlin
Apartamento de edificio antiguo P-Berg con balcón.,"Habitación en Berlín, Alemania",80,Anfitrión: Marcel,"5,0",13,Berlin
Habitación en Berlín | PrenzlBerg 11,"Habitación en hotel en Berlín, Alemania",99,Anfitrión: Sotirios,"4,67",12,Berlin
Berlinkiez,"Alojamiento entero: piso en Berlín, Alemania",164,Anfitrión: Favorent,"5,0",7,Berlin
B182 Wilmersdorf City West - 67m²,"Alojamiento entero: piso en Berlín, Alemania",130,Anfitrión: Jörn,"4,44",257,Berlin
numa | Suite contemporánea en Berlín Wilmersdorf,"Alojamiento entero: apartamento con servicios en Berlín, Alemania",134,Anfitrión: Numa Novela,"4,64",,Berlin
Acogedor apartamento con estilo y cama LOFT S,"Alojamiento entero: piso en Berlín, Alemania",91,Anfitrión: Sam,"4,87",55,Berlin
1 habitación I 44m² I Balcón I Comfort,"Alojamiento entero: piso en Berlín, Alemania",109,Anfitrión: Raja Jooseppi,"4,86",36,Berlin
NEW FANCE FLAT CITY CENTER MITTE BEST LOCATION,"Alojamiento entero: piso en Berlín, Alemania",165,Anfitrión: Eugen,"4,60",169,Berlin
Piso atractivo cerca de Charlottenburg y del centro de la ciudad,"Alojamiento entero: apto. residencial en Berlín, Alemania",119,Anfitrión: Tony,"4,50",,Berlin
Loft en el corazón de Berlín 1.1,"Alojamiento entero: loft en Berlín, Alemania",118,Anfitrión: Martina & Charlotte (MaCha),"4,84",273,Berlin
Piso atractivo cerca de Charlottenburg y del centro de la ciudad,"Alojamiento entero: apto. residencial en Berlín, Alemania",119,Anfitrión: Tony,"4,50",,Berlin
Sala de visitas con jardín,"Habitación en Berlín, Alemania",47,Quédate con Björn,,,Berlin
Gran apartamento en la mejor ubicación de Berlín.,"Alojamiento entero: piso en Berlín, Alemania",95,Anfitrión: Miguel,"4,70",10,Berlin
"Maravilloso apartamento en el centro de Berlín, Charlottenburg","Alojamiento entero: piso en Berlín, Alemania",85,Anfitrión: Alessa,"4,80",10,Berlin
Demasiado bueno para ser verdad: ¡Berlín Friedrichshain!,"Alojamiento entero: piso en Berlín, Alemania",80,Anfitrión: Apostolos,"4,91",434,Berlin
Apartamento de maisonette de 4 habitaciones de Youngster de 50 metros cuadrados cerca del centro,"Alojamiento entero: piso en Berlín, Alemania",166,Anfitrión: Fabian,"4,80",44,Berlin
moderno y céntrico estudio cerca de Alexanderplatz,"Alojamiento entero: piso en Berlín, Alemania",115,Anfitrión: Julian,"4,82",325,Berlin
Apartamento estudio moderno,"Alojamiento entero: piso en Berlín, Alemania",87,Anfitrión: Vincent,"5,0",7,Berlin
"7 estilo loft, muy bien decorado, barrio animado","Alojamiento entero: piso en Berlín, Alemania",118,Anfitrión: Dietrich,"4,93",75,Berlin
Apartamento R Prenzl. Berg cerca de Alexander Platz,"Alojamiento entero: piso en Berlín, Alemania",210,Anfitrión: Georgy,"4,63",40,Berlin
Habitación privada en el centro de Friedrichshain,"Habitación en Berlín, Alemania",70,Quédate con Markus,"4,84",25,Berlin
Departamentos Engelfittich,"Alojamiento entero: piso en Berlín, Alemania",140,Anfitrión: Oliver,"4,63",92,Berlin
Ciudad de Berlín 2,"Alojamiento entero: piso en Berlín, Alemania",74,Anfitrión: Murat,,,Berlin
numa I Apartamento familiar con vistas a Warschauer Straße,"Alojamiento entero: apartamento con servicios en Berlín, Alemania",154,Anfitrión: Numa Kater,"4,47",,Berlin
103 * GRAN apartamento en el centro de la ciudad,"Alojamiento entero: piso en Berlín, Alemania",210,Anfitrión: Douglas,,,Berlin
Acogedor apartamento estudio en el centro,"Alojamiento entero: piso en Berlín, Alemania",130,Anfitrión: Mia,"4,88",8,Berlin
"Céntrico, acogedor y único","Alojamiento entero: piso en Berlín, Alemania",130,Anfitrión: Henrik,"4,87",711,Berlin
Un acogedor estudio FridayBerlin,"Alojamiento entero: piso en Berlín, Alemania",100,Anfitrión: Agnieszka,"4,61",311,Berlin
Bonito y tranquilo apartamento en Berlín-Mitte,"Alojamiento entero: piso en Berlín, Alemania",105,Anfitrión: Hans,"4,81",274,Berlin
Acogedor apartamento estudio en el centro,"Alojamiento entero: piso en Berlín, Alemania",130,Anfitrión: Mia,"4,88",8,Berlin
Bonito apartamento de vacaciones en Berlin-Mitte,"Alojamiento entero: piso en Berlín, Alemania",95,Anfitrión: Hans,"4,83",364,Berlin
Apartamento de alta calidad en Kiez-Kreuzberg / Berlin-4L,"Alojamiento entero: piso en Berlín, Alemania",149,Anfitrión: Tuncay,"4,74",38,Berlin
Pulsing loft en Kreuzberg,"Alojamiento entero: loft en Berlín, Alemania",156,Anfitrión: Martina & Charlotte (MaCha),"4,76",321,Berlin
Super-City-Apartamento 1&2 am Checkpoint Charlie,"Alojamiento entero: piso en Berlín, Alemania",180,Anfitrión: Axel,"4,85",122,Berlin
BIG CENTRAL BERLIN CITY MITTE 4RMS FLAT 1ALOCATION,"Alojamiento entero: piso en Berlín, Alemania",281,Anfitrión: Lana,"4,35",79,Berlin
Apartamento en bosque de abedul en una calle tranquila en Moabit (Mitte),"Alojamiento entero: piso en Berlín, Alemania",75,Anfitrión: Hilda,,,Berlin
"Apartamento del piso superior ""MAJAKOWSKIRING""","Alojamiento entero: piso en Berlín, Alemania",150,Anfitrión: Ines,"4,84",280,Berlin
Loft en el corazón de Berlín 1.2,"Alojamiento entero: loft en Berlín, Alemania",142,Anfitrión: Martina & Charlotte (MaCha),"4,82",180,Berlin
Apartamento 9 am Görlitzer Park Berlin - Kreuzberg,"Alojamiento entero: piso en Berlín, Alemania",145,Anfitrión: Stella,"4,78",227,Berlin
numa | Suite elegante y espaciosa en Boxhagener Platz,"Alojamiento entero: apartamento con servicios en Berlín, Alemania",117,Anfitrión: Numa | Sketch,"4,67",,Berlin
Estudio de artista en Berlín - Prenzlauer Berg,"Alojamiento entero: loft en Berlín, Alemania",120,Anfitrión: Georg,"4,91",22,Berlin
"Auténtico y espacioso apartamento tipo loft, muy céntrico","Alojamiento entero: piso en Berlín, Alemania",150,Anfitrión: Jonas,"4,66",113,Berlin
Impresionante apartamento de 2 dormitorios en Prenzlauerberg,"Alojamiento entero: piso en Berlín, Alemania",129,Anfitrión: Mike,"4,76",220,Berlin
Amplio apartamento de destilería de ginebra central,"Alojamiento entero: piso en Berlín, Alemania",146,Anfitrión: David,"4,84",134,Berlin
En el corazón de Neuköllner Kiez ;)Real Berlin Feeling!,"Alojamiento entero: piso en Berlín, Alemania",95,Anfitrión: Villiam,"5,0",10,Berlin
Acogedor apartamento para 3 personas en el corazón de Berlín,"Alojamiento entero: piso en Berlín, Alemania",105,Anfitrión: Mia,"4,57",103,Berlin
#509 Sé mi huésped,"Alojamiento entero: apartamento con servicios en Berlín, Alemania",102,Anfitrión: Apartmently,"4,92",25,Berlin
En el corazón de Neuköllner Kiez ;)Real Berlin Feeling!,"Alojamiento entero: piso en Berlín, Alemania",95,Anfitrión: Villiam,"5,0",10,Berlin
Central Chestnut-Tree Garden House,"Alojamiento entero: piso en Berlín, Alemania",142,Anfitrión: David,"4,68",190,Berlin
Apartamento acogedor junto al arroyo Cerca de autobuses y autobuses,"Alojamiento entero: piso en Berlín, Alemania",119,Anfitrión: Alex,"4,51",,Berlin
City Garden Flat In Green Kreuzberg - Nuevo,"Alojamiento entero: loft en Berlín, Alemania",84,Anfitrión: Carsten,"4,89",240,Berlin
Apartamento artístico en Kreuzkölln,"Alojamiento entero: piso en Berlín, Alemania",112,Anfitrión: Mariana,,,Berlin
Apartamento en el centro de Berlín!,"Alojamiento entero: piso en Berlín, Alemania",130,Anfitrión: Johann,"4,89",93,Berlin
Bonito apartamento en Prenzlauer Berg,"Alojamiento entero: piso en Berlín, Alemania",168,Anfitrión: Stella,"4,89",9,Berlin
Alojamiento único en el centro de Berlín,"Alojamiento entero: loft en Berlín, Alemania",137,Anfitrión: Spreeresidence,"4,53",158,Berlin
Mitte Berlin,"Alojamiento entero: piso en Berlín, Alemania",126,Anfitrión: Wuang,"4,0",4,Berlin
Apart. Kudamm Seitenstr. 4Pax,"Alojamiento entero: piso en Berlín, Alemania",130,Anfitrión: Emil,,,Berlin
#505 Sé mi huésped,"Alojamiento entero: apartamento con servicios en Berlín, Alemania",128,Anfitrión: Apartmently,"4,82",76,Berlin
Acogedora habitación privada en Berlín,"Habitación en Berlín, Alemania",94,Quédate con Yamen,"4,92",12,Berlin
Apartamento de 3 dormitorios en Kreuzberg,"Alojamiento entero: piso en Berlín, Alemania",192,Anfitrión: Dennis,"5,0",9,Berlin
Apartamento céntrico y espacioso para artistas cerca del parque,"Alojamiento entero: piso en Berlín, Alemania",95,Anfitrión: Lars,"4,69",133,Berlin
Apartamento en Berlín♡ Oriental en Friedrichshain ♡,"Alojamiento entero: piso en Berlín, Alemania",125,Anfitrión: Arne,"4,78",,Berlin
Apartamento para familias en el corazón de Berlín,"Alojamiento entero: piso en Berlín, Alemania",95,Anfitrión: Annett,"4,93",27,Berlin
Acogedor estudio en Berlín,"Habitación privada en: apto. residencial en Berlín, Alemania",68,Anfitrión: Hassan,"5,0",,Berlin
"2,5 Habitaciones con patio y balcones","Alojamiento entero: piso en Berlín, Alemania",150,Anfitrión: Sara,"4,71",187,Berlin
Acogedora habitación en el corazón de Prenzlauer Berg,"Alojamiento entero: apto. residencial en Berlín, Alemania",96,Anfitrión: Ana,"4,78",,Berlin
Apartamento tipo estudio en Berlín Prenzlauer Berg,"Alojamiento entero: piso en Berlín, Alemania",98,Anfitrión: Daniel,"4,90",221,Berlin
Apartamento de 3 dormitorios en Kreuzberg,"Alojamiento entero: piso en Berlín, Alemania",192,Anfitrión: Dennis,"5,0",9,Berlin
"Acogedor apartament de Berlín, junto al museo de la muralla","Alojamiento entero: piso en Berlín, Alemania",225,Anfitrión: Oliver,"4,25",155,Berlin
Tranquilo y bien en Friedrichshain,"Alojamiento entero: apto. residencial en Berlín, Alemania",81,Anfitrión: Apostolos,"4,94",476,Berlin
justo en la estación de S-Bahn (tren de cercanías) Schönhauser Allee -Top Lage-,"Alojamiento entero: piso en Berlín, Alemania",110,Anfitrión: Ahmad,"4,68",56,Berlin
Bonito apartamento en Berlín,"Alojamiento entero: piso en Berlín, Alemania",100,Anfitrión: Ozmen,"4,67",3,Berlin
Habitación triple con balcón 1.2 (1er piso),"Habitación en Berlín, Alemania",60,Anfitrión: Claudius,"4,34",275,Berlin
"Berlín, como en casa","Alojamiento entero: piso en Berlín, Alemania",89,Anfitrión: Gabriele,"4,95",38,Berlin
Amplio apartamento central de 3 habitaciones con gimnasio y área de juego,"Alojamiento entero: apto. residencial en Berlín, Alemania",205,Anfitrión: Raffaela,"4,89",94,Berlin
Loft con Garten,"Alojamiento entero: piso en Berlín, Alemania",131,Anfitrión: Emanuela,"4,27",26,Berlin
Elegante apartamento vintage en Kreuzberg,"Alojamiento entero: piso en Berlín, Alemania",147,Anfitrión: Tuncay,"5,0",,Berlin
Piso de diseño en el centro de la ciudad *legal*,"Alojamiento entero: piso en Berlín, Alemania",90,Anfitrión: Xperior,"4,55",,Berlin
Attic Loft in Historic Factory,"Alojamiento entero: piso en Berlín, Alemania",245,Anfitrión: Stephan,"4,92",151,Berlin
"Hermoso, acogedor, con mucho estilo y antiguo","Alojamiento entero: piso en Berlín, Alemania",218,Anfitrión: Alexandros,"5,0",18,Berlin
Apartamento de 1 dormitorio en Prenzlauer Berg con StayBearlin,"Alojamiento entero: piso en Berlín, Alemania",180,Anfitrión: Alan & Kasia StayBearlin,"4,78",198,Berlin
Apartamento loft en el centro,"Alojamiento entero: loft en Berlín, Alemania",108,Anfitrión: Mia,"4,62",98,Berlin
Tilda - Apartamento,"Alojamiento entero: piso en Berlín, Alemania",91,Anfitrión: Steffi,"4,93",172,Berlin
Apartamento estudio en Berlín Mitte,"Alojamiento entero: piso en Berlín, Alemania",92,Anfitrión: Dominik,"5,0",31,Berlin
L. Acogedor apartamento de una habitación/ 3 huéspedes,"Alojamiento entero: piso en Berlín, Alemania",109,Anfitrión: Katrin,"4,68",84,Berlin
Bohemian Neukölln 3Room @ Schillerkiez,"Alojamiento entero: piso en Berlín, Alemania",125,Anfitrión: Neta,"4,60",177,Berlin
Loft 1.4 en el corazón de Berlín,"Alojamiento entero: loft en Berlín, Alemania",142,Anfitrión: Martina & Charlotte (MaCha),"4,80",221,Berlin
ESTUDIO ACOGEDOR Y LIMPIO CON AMBIENTE,"Alojamiento entero: piso en Berlín, Alemania",84,Anfitrión: Celly,"4,58",253,Berlin
Precioso y céntrico,"Alojamiento entero: piso en Berlín, Alemania",111,Anfitrión: Mia,,,Berlin
Directamente en Potsdamer Platz,"Alojamiento entero: piso en Berlín, Alemania",110,Anfitrión: Arthur,"4,78",63,Berlin
Acogedor apartamento de 2 dormitorios en el centro de Berlín,"Alojamiento entero: piso en Berlín, Alemania",126,Anfitrión: Lana,"4,43",58,Berlin
Nostalgia - Precioso piso en el corazón de Berlín,"Alojamiento entero: piso en Berlín, Alemania",109,Anfitrión: Anna,"4,77",438,Berlin
Apartamento de vacaciones en el centro de la ciudad,"Alojamiento entero: piso en Berlin-Mitte, Alemania",120,Anfitrión: Frank,"4,78",431,Berlin
"COZY-URBAN-CHIC: 2 dormitorios, 2 baños, 87 m2","Alojamiento entero: piso en Berlín, Alemania",149,Anfitrión: Robert,"4,86",141,Berlin
apartamento moderno y luminoso de 72m ² en Crellekiez,"Alojamiento entero: apartamento con servicios en Berlín, Alemania",153,Anfitrión: Jens,"4,80",102,Berlin
apartamento acogedor 5,"Alojamiento entero: piso en Berlín, Alemania",128,Anfitrión: Martina & Charlotte (MaCha),"4,58",120,Berlin
Apartamento urbano maravilloso,"Alojamiento entero: piso en Berlín, Alemania",121,Anfitrión: Amélie,"4,71",59,Berlin
Airy Berlin Loft con muebles vintage de los 90,"Alojamiento entero: piso en Berlín, Alemania",121,Anfitrión: Mia,"4,80",104,Berlin
Apartamento grande de 2 dormitorios en Berlín PrenzlauerBerg,"Alojamiento entero: piso en Berlín, Alemania",189,Anfitrión: Vanni,"4,93",147,Berlin
Estudio de ático inspirado en la Bauhaus,"Alojamiento entero: piso en Berlín, Alemania",121,Anfitrión: Mia,"4,68",104,Berlin
Apartamento urbano maravilloso,"Alojamiento entero: piso en Berlín, Alemania",121,Anfitrión: Amélie,"4,71",59,Berlin
Apartamento grande de 2 dormitorios en Berlín PrenzlauerBerg,"Alojamiento entero: piso en Berlín, Alemania",189,Anfitrión: Vanni,"4,93",147,Berlin
2 • céntrico • metro • terraza,"Alojamiento entero: piso en Berlín, Alemania",112,Anfitrión: Derek,"4,35",65,Berlin
Airy Berlin Loft con muebles vintage de los 90,"Alojamiento entero: piso en Berlín, Alemania",121,Anfitrión: Mia,"4,80",104,Berlin
estudio luminoso en Schöneberg junto a la ciudad de Berlín,"Alojamiento entero: piso en Berlín, Alemania",133,Anfitrión: Jens,"4,90",217,Berlin
Estudio de ático inspirado en la Bauhaus,"Alojamiento entero: piso en Berlín, Alemania",121,Anfitrión: Mia,"4,68",104,Berlin
Apartamento soleado cerca de Potsdamer Platz/Bergmannkiez,"Alojamiento entero: piso en Berlín, Alemania",110,Anfitrión: Pascal,"4,69",245,Berlin
NUEVO: Oasis urbano: elegante apartamento de Homely,"Alojamiento entero: piso en Berlín, Alemania",208,Anfitrión: Noam,"4,83",6,Berlin
Estilo industrial más llegada autónoma más Street Par,"Alojamiento entero: piso en Berlín, Alemania",146,Anfitrión: Flo,"4,18",,Berlin
Acogedor apartamento restaurado en el corazón de Berlín,"Alojamiento entero: piso en Berlín, Alemania",125,Anfitrión: Kim,"4,58",67,Berlin
Berlin Home ** Acogedor ycéntrico,"Alojamiento entero: piso en Berlín, Alemania",105,Anfitrión: Berlin,"4,59",140,Berlin
Casa de 2 dormitorios en Prenzlauerberg,"Alojamiento entero: piso en Berlín, Alemania",257,Anfitrión: David,"5,0",3,Berlin
Ojalá estuvieras aquí,"Habitación en hotel boutique en Berlín, Alemania",127,Anfitrión: Old Town Hotel,"4,70",,Berlin
Apartamento en un patio de artistas románticos,"Alojamiento entero: piso en Berlín, Alemania",125,Anfitrión: Rosa,"4,84",101,Berlin
Apartamento exclusivo de un dormitorio,"Alojamiento entero: piso en Berlín, Alemania",107,Anfitrión: Thomas,"4,66",237,Berlin
Casa limpia y con estilo en el centro de Berlín-Kreuzberg.,"Alojamiento entero: piso en Berlín, Alemania",119,Anfitrión: Yaz,"4,74",428,Berlin
"Mejor zona, apartamento grande y soleado con dos gatos","Alojamiento entero: piso en Berlín, Alemania",120,Anfitrión: Masha,"4,85",27,Berlin
Elegante y colorido apartamento en FH-K,"Alojamiento entero: piso en Berlín, Alemania",146,Anfitrión: Josef,"4,62",244,Berlin
Elegante y colorido apartamento en FH-K,"Alojamiento entero: piso en Berlín, Alemania",146,Anfitrión: Josef,"4,62",244,Berlin
LA mejor ubicación: Kreuzberg Bergmann Kiez / Tranquilo,"Alojamiento entero: piso en Berlín, Alemania",83,Anfitrión: Rooms Of Paradise,"4,53",55,Berlin
La mejor ubicación cerca de Kürfürstendamm FeWo Exclusive,"Alojamiento entero: apto. residencial en Berlín, Alemania",108,Anfitrión: Waltraud,"4,98",59,Berlin
Apartamento céntrico y tranquilo en la isla de los museos,"Alojamiento entero: piso en Berlín, Alemania",83,Anfitrión: Jonas,"4,55",58,Berlin
Kreuzberg- en el corazón de Berlín4,"Alojamiento entero: piso en Berlín, Alemania",128,Anfitrión: Martina & Charlotte (MaCha),"4,81",158,Berlin
10965 Berlin Kreuzberg 4-8 personas,"Alojamiento entero: piso en Berlín, Alemania",145,Anfitrión: Ralph,"4,69",412,Berlin
Increíble estudio en Bergmannkiez,"Alojamiento entero: piso en Berlín, Alemania",98,Anfitrión: Fulvia,"4,60",,Berlin
#506 Sé mi huésped,"Alojamiento entero: apartamento con servicios en Berlín, Alemania",106,Anfitrión: Apartmently,"4,80",41,Berlin
Acogedor apartamento cerca de la estación central,"Alojamiento entero: piso en Berlín, Alemania",103,Anfitrión: René,,,Berlin
"Acogedor estudio para 3 huéspedes, terraza","Alojamiento entero: piso en Berlín, Alemania",109,Anfitrión: Katrin,"4,70",70,Berlin
Apartamento en Friedrichshain. Propiedad comercial,"Alojamiento entero: piso en Berlín, Alemania",93,Anfitrión: Tamara,"4,87",326,Berlin
Todo el apartamento 4 que en el corazón de Berlín,"Alojamiento entero: piso en Berlín, Alemania",147,Anfitrión: Paul,"4,49",,Berlin
New Spacious Central Heart apt + center of Berlin,"Alojamiento entero: piso en Berlín, Alemania",140,Anfitrión: Alex,"4,73",147,Berlin
Apartamento «bosque verde» en una ubicación absolutamente privilegiada,"Alojamiento entero: piso en Berlín, Alemania",71,Anfitrión: Hilda,"4,50",4,Berlin
Habitación de hotel en Berlín | Prenzlauer Berg | 7 | NUEVO,"Alojamiento entero: casa de invitados en Berlín, Alemania",99,Anfitrión: Sotirios,"4,33",192,Berlin
2. Acogedor apartamento de una habitación con terraza.,"Alojamiento entero: piso en Berlín, Alemania",109,Anfitrión: Katrin,"4,63",92,Berlin
Apartamento central de diseño con estacionamiento y terraza.,"Alojamiento entero: piso en Berlín, Alemania",131,Anfitrión: Claudia,,,Berlin
Habitación privada única en un precioso edificio restaurado,"Alojamiento entero: piso en Berlín, Alemania",68,Anfitrión: Thomas,"4,77",196,Berlin
Apartamento de 2 dormitorios para familias/huéspedes tranquilos. StayBearlin,"Alojamiento entero: piso en Berlín, Alemania",180,Anfitrión: Alan & Kasia StayBearlin,"4,58",292,Berlin
Habitación privada única en un precioso edificio restaurado,"Alojamiento entero: piso en Berlín, Alemania",68,Anfitrión: Thomas,"4,77",196,Berlin
Apartamento en la planta baja Neukölln/Kreuzberg,"Alojamiento entero: piso en Berlín, Alemania",90,Anfitrión: Stephan,"4,38",228,Berlin
"VIDA URBANA 3, mejor zona de Berlín Friedrichshain","Alojamiento entero: apto. residencial en Berlín, Alemania",120,Anfitrión: Fadeih,"4,92",193,Berlin
Apartamento acogedor autónomo,"Alojamiento entero: vivienda en Berlín, Alemania",88,Anfitrión: Iulia,"5,0",11,Berlin
GreatStay - Torstr. 95 primer piso hasta 4 personas,"Alojamiento entero: piso en Berlín, Alemania",204,Anfitrión: Yoren,"4,64",73,Berlin
Apartamento central cerca de Ostkreuz,"Alojamiento entero: piso en Berlín, Alemania",63,Anfitrión: Bernhard,"4,25",256,Berlin
"L Central Berlin-Kreuzberg, Limpio, acogedor, conectado","Alojamiento entero: piso en Berlín, Alemania",156,Anfitrión: Yaz,"4,71",406,Berlin
"Oasis de 2 dormitorios, PrenzlauerBerg","Alojamiento entero: piso en Berlín, Alemania",201,Anfitrión: Kate,"4,84",,Berlin
"5 Elegante, clásico, chic, precioso distrito de decoración moderna","Alojamiento entero: piso en Berlín, Alemania",100,Anfitrión: Dietrich,"4,58",266,Berlin
"Nuevo apartamento de diseño con estilo, centro de la ciudad Boxhagener St","Alojamiento entero: piso en Berlín, Alemania",197,Anfitrión: Andre,"4,70",,Berlin
Centro de la ciudad único 2Rms Mitte Rosenthaler Platz,"Alojamiento entero: piso en Berlín, Alemania",147,Anfitrión: Eugen,"4,46",129,Berlin
Neukölln... ¡muy especial!Apto. No.3,"Alojamiento entero: piso en Berlín, Alemania",106,Anfitrión: BerlinSurfHostel,"4,76",297,Berlin
Apartamento en el corazón de Prenzlauer Berg,"Alojamiento entero: piso en Berlín, Alemania",170,Anfitrión: Carlos,"4,67",,Berlin
Loft en el corazón de Berlín 1.3,"Alojamiento entero: loft en Berlín, Alemania",142,Anfitrión: Martina & Charlotte (MaCha),"4,79",222,Berlin
Apartamento doble en Frankfurter Allee,"Alojamiento entero: piso en Berlín, Alemania",102,Anfitrión: Flo,,,Berlin
Apartamento Parkview Grande Suite II,"Alojamiento entero: apto. residencial en Berlín, Alemania",140,Anfitrión: Stefan,"4,77",145,Berlin
"VIDA URBANA 2, mejor zona de Berlín Friedrichshain","Alojamiento entero: apto. residencial en Berlín, Alemania",128,Anfitrión: Fadeih,"4,90",153,Berlin
Apartamento de 3 habitaciones3/Potsdamer Pl.,"Habitación en hotel en Berlín, Alemania",197,Anfitrión: Hans,"3,89",9,Berlin
Apartamento en Prenzlauer Berg,"Alojamiento entero: piso en Berlín, Alemania",90,Anfitrión: David,"4,81",27,Berlin
"1. Elegante, acogedor, con una decoración encantadora, un distrito moderno","Alojamiento entero: piso en Berlín, Alemania",119,Anfitrión: Dietrich,"4,73",535,Berlin
Encantador apartamento urbano en el barrio de Kreuzberg Berlín-3R,"Alojamiento entero: piso en Berlín, Alemania",165,Anfitrión: Tuncay,"4,89",36,Berlin
Apartamento 3 en Kreuzberg en el Görlitzer Parc,"Alojamiento entero: piso en Berlín, Alemania",185,Anfitrión: Stella,"4,75",191,Berlin
Apartamento estudio en planta baja central,"Alojamiento entero: piso en Berlín, Alemania",89,Anfitrión: Hendrik,"4,92",98,Berlin
Estudio de Upcycling Central Summer Cool Ventilated,"Alojamiento entero: loft en Berlín, Alemania",120,Anfitrión: Sebastian,"4,64",107,Berlin
Nap Club: apartamento elegante en un barrio animado.,"Alojamiento entero: apto. residencial en Berlín, Alemania",157,Anfitrión: Simon,"4,77",106,Berlin
Apartamento de 2 habitaciones C1,"Alojamiento entero: piso en Berlín, Alemania",120,Anfitrión: Duc Son,"4,73",106,Berlin
Encantador apartamento en Berlín,"Alojamiento entero: piso en Berlín, Alemania",150,Anfitrión: Alfredo,"4,87",39,Berlin
Apartamento en Berlín-Friedrichshain,"Alojamiento entero: piso en Berlín, Alemania",107,Anfitrión: Holger,"4,71",,Berlin
Apt.2 en el centro de Kreuzberg,"Alojamiento entero: piso en Berlín, Alemania",142,Anfitrión: Martina & Charlotte (MaCha),"4,75",171,Berlin
"Apartamento ""bailarín de ballet de Nueva York"". Kurfürstendamm.","Alojamiento entero: piso en Berlín, Alemania",64,Anfitrión: Hilda,,,Berlin
Habitación en un apartamento con estilo en el corazón de Berlín,"Habitación en Berlín, Alemania",82,Quédate con Dia,"4,77",52,Berlin
4. Acogedor apartamento de una habitación con terraza.,"Alojamiento entero: piso en Berlín, Alemania",95,Anfitrión: Katrin,"4,52",102,Berlin
LOFT CLAVE 01,"Alojamiento entero: loft en Berlín, Alemania",240,Anfitrión: Key,"4,81",396,Berlin
"Apartamento estudio para 3, wifi, cerca del centro","Alojamiento entero: piso en Berlín, Alemania",129,Anfitrión: Katrin,"4,38",153,Berlin
Roxy,"Alojamiento entero: piso en Berlín, Alemania",217,Anfitrión: Andre,"4,68",65,Berlin
Clichic - 4 huéspedes a 20 minutos Champs-Elysées,"Alojamiento entero: piso en Clichy, Francia",130,Anfitrión: Mélanie,"4,88",34,Paris
Dos piezas -París-Montmartre,"Alojamiento entero: piso en París, Francia",110,Anfitrión: Eloïse,"4,91",,Paris
Amplio y luminoso apartamento en Canal St Martin,"Alojamiento entero: piso en París, Francia",130,Anfitrión: Vincent,"4,79",14,Paris
Apartamento moderno Batignolles - EasyHostin',"Alojamiento entero: piso en París, Francia",149,Anfitrión: Samuel,"4,89",38,Paris
Clichy cerca de París - 4 personas,"Alojamiento entero: piso en Clichy, Francia",85,Anfitrión: Victoria,"5,0",12,Paris
"Apartamento luminoso, cerca del metro, fácil acceso","Alojamiento entero: piso en Bagneux, Francia",80,Anfitrión: Rani,"5,0",5,Paris
"Apartamento de artista, 2 habitaciones","Alojamiento entero: piso en París, Francia",160,Anfitrión: Mariam,"5,0",10,Paris
Studio en plein coeur du 11e,"Alojamiento entero: piso en París, Francia",,Anfitrión: Rémy,,,Paris
Apartamento grande en París,"Alojamiento entero: apto. residencial en París, Francia",175,Anfitrión: Smaimmo,"4,72",83,Paris
Apartamento de 2 habitaciones Montmartre,"Alojamiento entero: piso en París, Francia",210,Anfitrión: Stanley,,,Paris
"Riviera Résidence , Heart Montmartre Paris center","Alojamiento entero: apto. residencial en París, Francia",140,Anfitrión: Marie,"4,80",254,Paris
Acogedor apartamento en el centro de París - La Fayette,"Alojamiento entero: piso en París, Francia",165,Anfitrión: Marie,"4,79",398,Paris
«Elegancia en el corazón de París»,"Alojamiento entero: piso en París, Francia",154,Anfitrión: Antonio,,,Paris
Apartamento para 5 personas cerca del metro L9,"Alojamiento entero: piso en Bagnolet, Francia",81,Anfitrión: Thierry,,,Paris
450 metros de transporte y aparcamiento gratis,"Alojamiento entero: piso en Saint-Denis, Francia",136,Anfitrión: Alawi,"4,97",31,Paris
"República, amplio y lujoso 2 habitaciones","Alojamiento entero: piso en París, Francia",169,Anfitrión: Elsa,"5,0",10,Paris
Pequeño estudio Paris Saint-Mandé,"Alojamiento entero: piso en Saint-Mandé, Francia",61,Anfitrión: Zhihua,"4,64",,Paris
JOYA MODERNA: SERENIDAD CERCA DE PARÍS,"Alojamiento entero: piso en Montreuil, Francia",80,Anfitrión: Rayan,"4,81",179,Paris
Clichy Levallois - Bonito apartamento cálido y acogedor,"Alojamiento entero: piso en Clichy, Francia",110,Anfitrión: Ivan,"4,89",45,Paris
Malakoff Grand Apartment a pocos pasos de París,"Alojamiento entero: piso en Malakoff, Francia",120,Anfitrión: Alexandre,"4,89",377,Paris
Acogedor estudio a 100 m del metro 1 en La Défense,"Alojamiento entero: piso en Courbevoie, Francia",110,Anfitrión: Nathalie,"4,89",44,Paris
Estudio cerca de todas las comodidades,"Alojamiento entero: piso en Bagnolet, Francia",58,Anfitrión: Charles,"4,80",329,Paris
Estudio con jardín privado cerca de París y Disney,"Alojamiento entero: piso en Neuilly-Plaisance, Francia",55,Anfitrión: Jérôme,"4,73",51,Paris
"Piso-2 hab, nuevo, 10mn Paris, tranquilo, luminoso","Alojamiento entero: piso en Asnières-sur-Seine, Francia",208,Anfitrión: Thierry,"4,89",532,Paris
"Bonita T2, Metro , París, gran ubicación","Alojamiento entero: piso en Clichy, Francia",83,Anfitrión: Ouafa,"4,45",169,Paris
Acogedor piso a 7 minutos a pie del metro directo al centro de París.,"Alojamiento entero: piso en Saint-Denis, Francia",101,Anfitrión: Omar,"4,82",88,Paris
Paris Center a 15 minutos,"Alojamiento entero: piso en Nogent-sur-Marne, Francia",58,Anfitrión: Emmanuel Hicham,"4,89",419,Paris
Espacioso Elegante a 14 minutos de la estación de tren/12 minutos de París .,"Alojamiento entero: piso en Stains, Francia",80,Anfitrión: Najwa,"4,77",13,Paris
Vista de la Torre Eiffel a 10 minutos del corazón de París,"Alojamiento entero: piso en Bois-Colombes, Francia",89,Anfitrión: Rostom,"4,88",105,Paris
"Bel Appart F4 de 68 m ² con 3 Habitaciones, 1 Aparcamiento","Alojamiento entero: piso en Cachan, Francia",89,Anfitrión: Seara De Fatima,"4,62",145,Paris
"Apartamento clásico parisino, Jourdain","Alojamiento entero: piso en París, Francia",150,Anfitrión: Kristofer,"4,86",189,Paris
Porte champerret Paris 17,"Alojamiento entero: piso en París, Francia",120,Anfitrión: Carlos,"4,86",169,Paris
Apartamento en el mercado de París Antic,"Alojamiento entero: piso en Saint-Ouen, Francia",101,Anfitrión: Steven,"4,55",,Paris
🐘Escala en Nairobi🦒Puertas de París •APARCAMIENTO• WiFi 🌵,"Alojamiento entero: apto. residencial en Saint-Ouen, Francia",93,Anfitrión: Linda,"4,44",205,Paris
Encantador y perfectamente ubicado apartamento de 2 dormitorios,"Alojamiento entero: piso en París, Francia",230,Anfitrión: Aurelie,"4,96",24,Paris
"apartamento tranquilo con vistas al parque, cerca de París","Alojamiento entero: apto. residencial en Stains, Francia",95,Anfitrión: Vincent,"4,79",42,Paris
Apartamento 1900 típico parisino con aparcamiento,"Alojamiento entero: piso en París, Francia",118,Anfitrión: Frédéric,"4,60",541,Paris
Apartamento tranquilo en el patio de la Bastille,"Alojamiento entero: piso en París, Francia",100,Anfitrión: Pénélope,"4,35",195,Paris
Muy bonito apartamento terraza privada centro de la ciudad,"Alojamiento entero: piso en Romainville, Francia",80,Anfitrión: Miguel,"4,53",30,Paris
Piso 3 piezas enteras en La Défense,"Alojamiento entero: piso en Puteaux, Francia",130,Anfitrión: Eric,"4,98",44,Paris
Estupendo apartamento con balcón cerca de París/Orly,"Alojamiento entero: apto. residencial en Antony, Francia",72,Anfitrión: Emilie,"5,0",107,Paris
«Cara a cara con el Sena» a las puertas de París,"Alojamiento entero: piso en L'Île-Saint-Denis, Francia",84,Anfitrión: Jeremy,"4,80",,Paris
12th District Charmer: Central & Chic Hideaway,"Alojamiento entero: piso en París, Francia",212,Anfitrión: Ion Et Olga,"4,75",4,Paris
"Precioso apartamento que te espera, cerca de París y Disney","Alojamiento entero: piso en Noisy-le-Sec, Francia",59,Anfitrión: Naomi,"4,63",,Paris
Apartamento en París - Ternes Campos Elíseos,"Alojamiento entero: piso en 75017- Paris, Francia",130,Anfitrión: Frédéric,"4,63",263,Paris
Precioso Acogedor Apartamento,"Alojamiento entero: piso en Neuilly-Plaisance, Francia",70,Anfitrión: Nabil,"4,56",9,Paris
Nid Douillet en Porte de Versailles,"Alojamiento entero: apartamento con servicios en París, Francia",91,Anfitrión: Maximilienne,"4,82",,Paris
"Apartamento, Arco de Triunfo","Alojamiento entero: piso en París, Francia",110,Anfitrión: Nina,"4,71",116,Paris
Paz - Apartamento luminoso y cómodo,"Alojamiento entero: piso en Vincennes, Francia",110,Anfitrión: Maxime,"4,95",79,Paris
Luminoso apartamento cerca del metro - París a 10 minutos,"Alojamiento entero: piso en Asnières-sur-Seine, Francia",95,Anfitrión: Sylvia,"4,82",11,Paris
Refugio en la llanura de Saint-denis,"Alojamiento entero: piso en Saint-Denis, Francia",115,Anfitrión: John,"4,83",6,Paris
Estudio muy céntrico Republique,"Alojamiento entero: piso en París, Francia",99,Anfitrión: Polyna,"4,56",307,Paris
Acogedor y bien situado apartamento cerca de Montmartre,"Alojamiento entero: piso en París, Francia",105,Anfitrión: Pauline,"4,95",60,Paris
Dormir / trabajar / reunirse en París Saint Laz,"Alojamiento entero: piso en París, Francia",109,Anfitrión: David,"4,85",343,Paris
Precioso apartamento en París,"Alojamiento entero: piso en París, Francia",168,Anfitrión: Inayat,,,Paris
Amplio alojamiento a 10 minutos de Roissy,"Alojamiento entero: piso en Sevran, Francia",220,Anfitrión: Abdourhamane,"5,0",,Paris
Elegante F3 a 350 metros de Porte Montmartre,"Alojamiento entero: piso en Saint-Ouen-sur-Seine, Francia",115,Anfitrión: Maxime,"4,85",,Paris
Apartamento République Marais,"Alojamiento entero: piso en París, Francia",200,Anfitrión: Hsiao Lin,,,Paris
Apartamento con encanto cerca de París,"Alojamiento entero: piso en Asnières-sur-Seine, Francia",90,Anfitrión: Fabrice,"4,71",95,Paris
Apartamento de 38 m2 a 10 minutos de París,"Alojamiento entero: piso en Clichy, Francia",111,Anfitrión: Ana,"4,90",79,Paris
París centro apartamento entero,"Alojamiento entero: piso en París, Francia",95,Anfitrión: Afifa,"4,62",227,Paris
A 3 minutos de la estación de tren y a 20 minutos de París.,"Alojamiento entero: piso en Garges-lès-Gonesse, Francia",103,Anfitrión: Borbo&Mias,"4,94",70,Paris
"Villa Poncelet-La Vie est belle-3 Bdr, AC, Bst Loc","Alojamiento entero: piso en Paris-17E-Arrondissement, Francia",323,Anfitrión: Laurent,"4,79",121,Paris
Precioso apartamento con patio,"Alojamiento entero: piso en Villejuif, Francia",72,Anfitrión: Valerie,"4,83",185,Paris
Estudio bien ubicado entre Pigalle Montmartre,"Alojamiento entero: piso en París, Francia",101,Anfitrión: Nets Inn,"4,30",,Paris
Apartamento acogedor y soleado en París,"Alojamiento entero: piso en París, Francia",105,Anfitrión: Radia,"4,84",69,Paris
Dos dormitorios muy tranquilos con jardín privado,"Alojamiento entero: piso en París, Francia",118,Anfitrión: Lucas,"4,69",,Paris
Ópera appt vintage estilo,"Alojamiento entero: piso en París, Francia",118,Anfitrión: Kodi,,,Paris
"Apartamento cómodo, con aparcamiento, cerca de París y aeropuertos","Alojamiento entero: apto. residencial en Antony, Francia",119,Anfitrión: Rani,"5,0",41,Paris
Vivienda totalmente alquilada en París,"Alojamiento entero: piso en París, Francia",43,Anfitrión: Loc'H Finistere,"3,83",6,Paris
Las mejores panaderías de un acogedor boho de 1 dormitorio,"Alojamiento entero: piso en París, Francia",141,Anfitrión: Benjamin,"4,56",296,Paris
Piso 3 piezas Paris La Défense,"Alojamiento entero: piso en La Garenne-Colombes, Francia",126,Anfitrión: Babette Et Philippe,"5,0",,Paris
"Apartamento cómodo, con aparcamiento, cerca de París y aeropuertos","Alojamiento entero: apto. residencial en Antony, Francia",119,Anfitrión: Rani,"5,0",41,Paris
Vivienda totalmente alquilada en París,"Alojamiento entero: piso en París, Francia",43,Anfitrión: Loc'H Finistere,"3,83",6,Paris
Comodidad y paz en el corazón del animado barrio,"Alojamiento entero: piso en París, Francia",110,Anfitrión: Laurence,"4,94",63,Paris
Acogedor apartamento a solo 20 minutos de los Campos Elíseos,"Alojamiento entero: piso en Courbevoie, Francia",157,Anfitrión: Reda,"4,74",53,Paris
¡Acogedora en París-Charonne!,"Alojamiento entero: piso en París, Francia",99,Anfitrión: Kenza,"4,73",90,Paris
Precioso apartamento en un suburbio parisino del este,"Alojamiento entero: piso en Saint-Mandé, Francia",145,Anfitrión: Julia,"4,40",5,Paris
Ofrezco mi estudio de 13 m2,"Alojamiento entero: piso en París, Francia",95,Anfitrión: Fares,"4,86",7,Paris
"Hermoso apartamento, barrio de Buttes de Chaumont/Canal.","Alojamiento entero: apto. residencial en París, Francia",110,Anfitrión: Junko,"4,92",51,Paris
450 metros de transporte y aparcamiento gratis,"Alojamiento entero: piso en Saint-Denis, Francia",136,Anfitrión: Alawi,"4,97",31,Paris
Cerca de París - RER A o Metro 9,"Alojamiento entero: piso en Montreuil, Francia",93,Anfitrión: Mickael,"4,48",62,Paris
"Acogedor ""Le 15""","Alojamiento entero: piso en París, Francia",118,Anfitrión: B,"4,76",41,Paris
Metro Line 1: Comfortable flat near La Défense,"Alojamiento entero: piso en Courbevoie, Francia",68,Anfitrión: Bruno,"4,92",257,Paris
Alojamiento en un apartamento de diseño con terraza privada,"Alojamiento entero: piso en París, Francia",130,Anfitrión: Benjamin,"4,53",204,Paris
Alójate en París con aparcamiento,"Alojamiento entero: piso en París, Francia",148,Anfitrión: Johanna,"4,22",63,Paris
Apartamento verde cerca de Montmartre y Opéra,"Alojamiento entero: piso en París, Francia",196,Anfitrión: Nets Inn,"4,49",,Paris
Apartamento a pie de Tour Eiffel,"Alojamiento entero: piso en París, Francia",149,Anfitrión: Jacky & Alice,"4,0",8,Paris
Apartamento acogedor cerca de París con terraza,"Alojamiento entero: piso en Montrouge, Francia",77,Anfitrión: Alberto,,,Paris
Acogedor apartamento Paris La Défense,"Alojamiento entero: piso en Suresnes, Francia",80,Anfitrión: Mohamed Oussema,"4,67",6,Paris
T2 Planta baja cerca de París,"Alojamiento entero: piso en Meudon, Francia",82,Anfitrión: Benoit,"4,79",48,Paris
Estudio muy acogedor y luminoso | 10 minutos de París,"Alojamiento entero: piso en Aubervilliers, Francia",69,Anfitrión: Clément,"4,97",94,Paris
1613: Acogedor apartamento en los Juegos Olímpicos de París 2024,"Alojamiento entero: piso en París, Francia",168,Anfitrión: Holidays,"4,0",3,Paris
Casa acogedora en Montrouge,"Alojamiento entero: piso en Montrouge, Francia",125,Anfitrión: Lea,"4,64",11,Paris
Aparthotel Pte Versailles XV 2P4 Aparcamiento sous sol,"Alojamiento entero: piso en París, Francia",141,Anfitrión: Pierre,"4,74",23,Paris
Casa Cyrano Batignolles village,"Habitación en hotel en París, Francia",112,Anfitrión: Sabrina,"4,88",,Paris
Loft familiar de 115 m2 en París Montmartre,"Alojamiento entero: loft en París, Francia",144,Anfitrión: Location,"4,87",47,Paris
Sublim apart «la marquise »paris centterrace 2bh,"Alojamiento entero: piso en París, Francia",240,Anfitrión: Fanny,,,Paris
A 5 minutos de Gare de Lyon: encantador 3 habitaciones,"Alojamiento entero: piso en Alfortville, Francia",101,Anfitrión: Abdel,"4,67",,Paris
Le Lucie: Baño de luz al pie del metro,"Alojamiento entero: piso en Bagneux, Francia",151,Anfitrión: Gloria Et Rémy,"4,89",,Paris
Encantador estudio a los pies de la estación de metro Arts et Métiers,"Alojamiento entero: piso en París, Francia",150,Anfitrión: Tatiana,"4,88",40,Paris
El mejor porchen doble y la casa tranquila,"Alojamiento entero: vivienda en Saint-Ouen-sur-Seine, Francia",50,Anfitrión: Mohammd,"4,45",58,Paris
BONITO Y BONITO estudio para de 1 a 3 viajeros,"Alojamiento entero: piso en París, Francia",87,Anfitrión: Brice,"4,79",33,Paris
Nido de cuco,"Alojamiento entero: piso en Pantin, Francia",60,Anfitrión: Félix,"4,59",135,Paris
Apartamento - Ayuntamiento Saint-Ouen,"Alojamiento entero: piso en Saint-Ouen-sur-Seine, Francia",76,Anfitrión: Rachid,"4,95",41,Paris
Secreto de los Batignolles,"Habitación en hotel en París, Francia",103,Anfitrión: Sabrina,"4,84",,Paris
"Muy bonito Apartamento de 60 m2, muy bien comunicado.","Alojamiento entero: piso en París, Francia",154,Anfitrión: Guy,"4,81",,Paris
comodidad a 5 minutos de PARÍS,"Alojamiento entero: piso en Bagnolet, Francia",146,Anfitrión: Charles,"4,83",,Paris
"Muy bonito Apartamento de 60 m2, muy bien comunicado.","Alojamiento entero: piso en París, Francia",154,Anfitrión: Guy,"4,81",,Paris
Vivienda acogedora,"Alojamiento entero: piso en Montrouge, Francia",160,Anfitrión: Pierre,"4,83",71,Paris
Encantadora casa Viaducto de las Artes,"Alojamiento entero: adosado en París, Francia",115,Anfitrión: Fougere,"4,90",143,Paris
Bonito apartamento en el centro de la ciudad cerca de autobús y metro,"Alojamiento entero: piso en Romainville, Francia",54,Anfitrión: Miguel,"4,53",,Paris
"Acogedor estudio en el centro de Marais, París","Alojamiento entero: piso en París, Francia",124,Anfitrión: Julie,"4,50",4,Paris
Chic Studio Central -`！'-,"Alojamiento entero: piso en Ivry-sur-Seine, Francia",54,Anfitrión: Fabrice,"5,0",3,Paris
Apartamento con vistas - 50 m2 + aparcamiento incluido,"Alojamiento entero: piso en París, Francia",140,Anfitrión: Tom,"4,92",24,Paris
En los jardines de la Torre Eiffel. Aire acondicionado,"Alojamiento entero: piso en París, Francia",310,Anfitrión: Mathilde,"4,60",526,Paris
"Beau Dupleix, metro, cerca de Stade de France.","Alojamiento entero: piso en Aubervilliers, Francia",138,Anfitrión: Abdelhakim,"4,78",165,Paris
Chez Océane,"Alojamiento entero: piso en L'Île-Saint-Denis, Francia",57,Anfitrión: Océane,"4,83",60,Paris
Adorable estudio en patio en el corazón de París,"Alojamiento entero: piso en París, Francia",109,Anfitrión: Céline,"4,81",407,Paris
Cálido apartamento + plaza de aparcamiento,"Alojamiento entero: piso en Aubervilliers, Francia",94,Anfitrión: Imad,"4,78",85,Paris
Vanves - Bonito apartamento cálido y acogedor,"Alojamiento entero: piso en Vanves, Francia",130,Anfitrión: Ivan,"4,94",16,Paris
Precioso apartamento cerca de la Bastilla 2/4P,"Alojamiento entero: piso en París, Francia",188,Anfitrión: Eliott,"4,67",24,Paris
Amplio y cálido 2 BDR con vistas: Parc Monceau,"Alojamiento entero: piso en París, Francia",220,Anfitrión: Cyril,"4,92",104,Paris
Apartamento en el centro de París con balcón,"Alojamiento entero: piso en París, Francia",200,Anfitrión: Marie,"4,81",144,Paris
2 habitaciones / encanto de París / vistas a la Torre Eiffel,"Alojamiento entero: piso en Clamart, Francia",115,Anfitrión: Xavier,"4,94",80,Paris
Escapada Luxe Marais - Suite Exclusive Avec Sauna,"Alojamiento entero: piso en París, Francia",108,Anfitrión: Leo,"4,33",9,Paris
"""El auténtico Batignolles""","Habitación en hotel en París, Francia",88,Anfitrión: Sabrina,"4,68",,Paris
"magnífico 90 m², París centro 20 min, hammam, vistas","Alojamiento entero: piso en Choisy-le-Roi, Francia",146,Anfitrión: Benoit Et Katia,"5,0",26,Paris
Apartamento de París en Montmartre,"Alojamiento entero: piso en París, Francia",106,Anfitrión: Perrine Et Arman,"4,75",217,Paris
Habitación,"Habitación en París, Francia",68,Anfitrión: William,"5,0",6,Paris
"Bonito apartamento familiar, acogedor a las puertas de París","Alojamiento entero: apto. residencial en Clichy, Francia",135,Anfitrión: Sochi,"4,65",89,Paris
Piso 30 min Disneyland y 10 min centro París,"Alojamiento entero: piso en Vincennes, Francia",155,Anfitrión: Julien,"4,87",147,Paris
Estudio en el centro de París,"Alojamiento entero: piso en París, Francia",100,Anfitrión: Polyna,,,Paris
"Apartamento de 52m ² - cerca de París, Canal de l 'Ourcq","Alojamiento entero: piso en Pantin, Francia",93,Anfitrión: Soukaina,"4,90",30,Paris
"Apartamento cerca de París, 5 minutos metro, Aparcamiento","Alojamiento entero: piso en Asnières-sur-Seine, Francia",144,Anfitrión: Laurent,"5,0",26,Paris
Maravilloso estudio en Clichy,"Alojamiento entero: piso en Clichy, Francia",63,Anfitrión: La Cle Locative,"4,53",32,Paris
Vistas preciosas y directas en el Sacrée cœur,"Alojamiento entero: piso en París, Francia",137,Anfitrión: Anna,"4,67",94,Paris
"Confort de diseño de estudio: Bastilla, Bataclán, Vosgos","Alojamiento entero: piso en París, Francia",99,Anfitrión: Melanie,"4,82",62,Paris
"Bonito T2, metro, planta baja, luminoso y tranquilo","Alojamiento entero: piso en Clichy, Francia",72,Anfitrión: Ouafa,"4,58",141,Paris
La casa de Virginia,"Alojamiento entero: piso en Alfortville, Francia",64,Anfitrión: Virginie,"4,95",19,Paris
"¡Bonito y gran ático dúplex, terraza soleada!","Alojamiento entero: apto. residencial en Saint-Ouen, Francia",226,Anfitrión: Denis,"4,91",397,Paris
Relájate en un patio privado en una obra maestra vintage,"Alojamiento entero: piso en París, Francia",130,Anfitrión: Benjamin,"4,62",218,Paris
"A las puertas de París, hermoso apartamento. moderno de 55 m2","Alojamiento entero: piso en Romainville, Francia",93,Anfitrión: Timbel,"4,74",27,Paris
Alojamiento entero en el barrio de los anticuarios,"Alojamiento entero: piso en Saint-Ouen, Francia",50,Anfitrión: Youcef,"4,54",48,Paris
Apartamento lleno de encanto,"Alojamiento entero: piso en París, Francia",100,Anfitrión: Viviane Rahma,,,Paris
Bonito 2 habitaciones al pie de la Butte Montmartre,"Alojamiento entero: piso en París, Francia",200,Anfitrión: Alice,"4,90",29,Paris
Bonito apartamento a las puertas de París,"Alojamiento entero: piso en Montreuil, Francia",90,Anfitrión: Sacha,"4,70",123,Paris
"Amplio apartamento con cocina moderna, cerca del metro.","Alojamiento entero: apto. residencial en Clichy, Francia",95,Anfitrión: Aramé,"4,94",53,Paris
"Apartamento tranquilo, cómodo y silencioso en Cadet","Alojamiento entero: piso en París, Francia",100,Anfitrión: Thibaut,"4,65",17,Paris
Maravilloso apartamento cerca de París,"Alojamiento entero: piso en Saint-Ouen, Francia",139,Anfitrión: Chab,"4,84",177,Paris
Nuevo * luminoso * Tranquilo y 15mn de París.,"Alojamiento entero: piso en Romainville, Francia",84,Anfitrión: Clémentine,"4,87",38,Paris
"¡Bonita casa cerca de París ! (Netflix, Prime)","Alojamiento entero: piso en Pantin, Francia",73,Anfitrión: Hamoudy,"4,50",,Paris
Lujo Central Louvre Ópera 2do Piso,"Alojamiento entero: piso en París, Francia",250,Anfitrión: Noelia,"4,72",119,Paris
Apartamento tipo estudio en Montmartre,"Alojamiento entero: piso en París, Francia",98,Anfitrión: Claude,"4,61",23,Paris
Acogedor 2 habitaciones a 3 minutos de la estación de tren,"Alojamiento entero: piso en Rosny-sous-Bois, Francia",75,Anfitrión: Charlotte,"4,89",9,Paris
Pequeña casa con jardín en París,"Alojamiento entero: vivienda en Aubervilliers, Francia",70,Anfitrión: Tan,"4,92",12,Paris
Nido encantador en el corazón de París,"Alojamiento entero: apartamento con servicios en París, Francia",108,Anfitrión: Maximilienne,"4,67",,Paris
ESTUDIO EN EL CORAZÓN VERDE DE PARÍS,"Alojamiento entero: apto. residencial en París, Francia",76,Anfitrión: Hugues,"4,81",501,Paris
Agradable Appart Hotel Cerca del Parque de Exposiciones,"Alojamiento entero: apartamento con servicios en París, Francia",104,Anfitrión: Asmaa,"4,76",92,Paris
Precioso dormitorio cerca de la Bastilla 2/4P,"Alojamiento entero: piso en París, Francia",188,Anfitrión: Eliott,"4,61",28,Paris
Chic Estudio - Rer B a 100 metros,"Alojamiento entero: piso en Arcueil, Francia",110,Anfitrión: Tanedice,"4,78",116,Paris
¡Acogedor estudio en el verdadero centro de París !,"Alojamiento entero: piso en Paris-2E-Arrondissement, Francia",94,Anfitrión: Marie,"4,33",110,Paris
"3 habitaciones, 6 personas, París-Stade de Francia, parking","Alojamiento entero: apto. residencial en Saint-Denis, Francia",95,Anfitrión: Maeva,"4,42",,Paris
Nido encantador en el corazón de París,"Alojamiento entero: apartamento con servicios en París, Francia",108,Anfitrión: Maximilienne,"4,67",,Paris
ESTUDIO EN EL CORAZÓN VERDE DE PARÍS,"Alojamiento entero: apto. residencial en París, Francia",76,Anfitrión: Hugues,"4,81",501,Paris
Apartamento grande 1BR 2-4 personas - corazón del 15,"Alojamiento entero: piso en París, Francia",130,Anfitrión: Harold,,,Paris
Agradable Appart Hotel Cerca del Parque de Exposiciones,"Alojamiento entero: apartamento con servicios en París, Francia",104,Anfitrión: Asmaa,"4,76",92,Paris
Precioso dormitorio cerca de la Bastilla 2/4P,"Alojamiento entero: piso en París, Francia",188,Anfitrión: Eliott,"4,61",28,Paris
Chic Estudio - Rer B a 100 metros,"Alojamiento entero: piso en Arcueil, Francia",110,Anfitrión: Tanedice,"4,78",116,Paris
¡Acogedor estudio en el verdadero centro de París !,"Alojamiento entero: piso en Paris-2E-Arrondissement, Francia",94,Anfitrión: Marie,"4,33",110,Paris
"Ayuntamiento Jules Joffrin, cerca de Montmartre.","Alojamiento entero: piso en París, Francia",97,Anfitrión: Maria Gabriella,"4,71",24,Paris
Precioso estudio con aire acondicionado en Grands Boulevards,"Alojamiento entero: apartamento con servicios en París, Francia",175,Anfitrión: Celia,"4,79",109,Paris
Apartamento terraza entre París y Disney,"Alojamiento entero: apto. residencial en Bry-sur-Marne, Francia",80,Anfitrión: Nathalie,"4,91",44,Paris
apartamento familiar a 12 minutos de París,"Alojamiento entero: piso en Saint-Maur-des-Fossés, Francia",85,Anfitrión: Vincent,"4,86",51,Paris
★ Apartamento moderno y luminoso bien situado para visitar París,"Alojamiento entero: piso en Asnières-sur-Seine, Francia",122,Anfitrión: Claire,"4,87",,Paris
Encantador estudio Montmartre en el último piso tranquilo,"Alojamiento entero: piso en París, Francia",95,Anfitrión: Tiphaine,,,Paris
Magnífico apartamento puerta de París frente al metro,"Alojamiento entero: piso en Vanves, Francia",91,Anfitrión: Julien,"4,57",28,Paris
"Luminoso apartamento 6P / Nation, Charonne","Alojamiento entero: piso en París, Francia",253,Anfitrión: Joy,"4,91",74,Paris
Globe Trotteur,"Alojamiento entero: piso en Bondy, Francia",55,Anfitrión: Maja,"4,63",38,Paris
Studio rue de Passy Paris,"Alojamiento entero: piso en París, Francia",121,Anfitrión: Julien,"5,0",3,Paris
Mejor ubicación - Grands Boulevards - Musée Grévin,"Alojamiento entero: piso en París, Francia",110,Anfitrión: Cédric,"4,60",81,Paris
Apartamento cerca de París Centro,"Alojamiento entero: piso en Issy-les-Moulineaux, Francia",88,Anfitrión: Yili,"4,80",210,Paris
Estudio moderno con balcón / TV,"Alojamiento entero: piso en París, Francia",84,Anfitrión: Céline,,,Paris
¡Bonito y pequeño estudio grande terraza muy luminoso!,"Alojamiento entero: piso en París, Francia",99,Anfitrión: Nicky,"4,90",105,Paris
Yellow House - Terrasse - Equipé - Proche Paris,"Alojamiento entero: piso en Montfermeil, Francia",104,Anfitrión: Audrey,"5,0",11,Paris
Entre París y Disneyland metro directo RER A,"Alojamiento entero: piso en Bry-sur-Marne, Francia",103,Anfitrión: Aurélie Et Christophe,"4,85",60,Paris
Apartamento de 2 habitaciones París Sur cerca del metro,"Alojamiento entero: piso en Villejuif, Francia",70,Anfitrión: Florent,"4,84",,Paris
¡Bonito estudio a dos pasos de la Ópera!,"Alojamiento entero: piso en París, Francia",90,Anfitrión: Carole,"4,32",463,Paris
Estilo loft en el apartamento en Montmarte,"Alojamiento entero: piso en París, Francia",92,Anfitrión: Elise,"4,62",165,Paris
2 p cerca del Canal St. Martin,"Alojamiento entero: vivienda vacacional en París, Francia",110,Anfitrión: Susanna,"4,53",34,Paris
"Bonito apartamento, tranquilo, terraza y aparcamiento","Alojamiento entero: piso en Saint-Ouen-sur-Seine, Francia",220,Anfitrión: Cécile,"5,0",,Paris
Tour por los Campos de Mar de París,"Alojamiento entero: piso en París, Francia",70,Anfitrión: Dw,,,Paris
*Le Chic* Proche Paris JO 2024,"Alojamiento entero: piso en Clichy, Francia",86,Anfitrión: Loc,,,Paris
Apartamento encantador Porte de Paris,"Alojamiento entero: piso en Charenton-le-Pont, Francia",98,Anfitrión: Max,"4,81",74,Paris
Impresionante estudio acogedor a 5 minutos de París,"Alojamiento entero: piso en Pantin, Francia",69,Anfitrión: Hervé,"4,90",59,Paris
Estudio con centro de exposiciones de 1 dormitorio,"Alojamiento entero: piso en Vanves, Francia",72,Anfitrión: Emilie,"4,84",382,Paris
Apartamento chic – Tu acogedora casa - Issy,"Alojamiento entero: piso en Issy-les-Moulineaux, Francia",125,Anfitrión: Anne,"4,86",,Paris
Scandi Mini - Porte de Paris,"Alojamiento entero: piso en Ivry-sur-Seine, Francia",50,Anfitrión: Matthieu,"4,91",44,Paris
Estudio con centro de exposiciones de 1 dormitorio,"Alojamiento entero: piso en Vanves, Francia",72,Anfitrión: Emilie,"4,84",382,Paris
Apartamento chic – Tu acogedora casa - Issy,"Alojamiento entero: piso en Issy-les-Moulineaux, Francia",125,Anfitrión: Anne,"4,86",,Paris
Scandi Mini - Porte de Paris,"Alojamiento entero: piso en Ivry-sur-Seine, Francia",50,Anfitrión: Matthieu,"4,91",44,Paris
"A los pies de Montmartre, en Coeur de Paris.","Alojamiento entero: piso en París, Francia",85,Anfitrión: Diana,"4,80",20,Paris
apartamento con terraza cerca de París clasificado 3 *,"Alojamiento entero: piso en Villejuif, Francia",164,Anfitrión: Valerie,"4,83",471,Paris
Apartamento de 2 habitaciones tranquilo cerca de Gare du Nord,"Alojamiento entero: piso en Paris 10e, Francia",131,Anfitrión: Charles,"4,87",,Paris
Paris 16: Apartamento cerca de la Torre Eiffel.,"Alojamiento entero: piso en París, Francia",104,Anfitrión: Eddine,"4,71",24,Paris
Studio 3 pers Paris - Disney,"Alojamiento entero: piso en Fontenay-sous-Bois, Francia",54,Anfitrión: Laurent,"4,67",3,Paris
Alojamiento de arquitecto - París - Stade de France,"Alojamiento entero: piso en Aubervilliers, Francia",68,Anfitrión: Guillaume,"4,75",92,Paris
Central Canal Saint Martin Design & Luxe & Cosy,"Alojamiento entero: piso en París, Francia",206,Anfitrión: Baruck,"4,80",,Paris
"Piso soleado de 2 dormitorios, a 12 minutos de Notre Dame","Alojamiento entero: piso en Arcueil, Francia",99,Anfitrión: Phuong,"4,60",99,Paris
"Central Canal Saint Martin Chic, diseño y acogedor","Alojamiento entero: piso en París, Francia",179,Anfitrión: Baruck,"4,80",,Paris
"Villa Poncelet-Joy 3 Bdrs, con AC, ubicación privilegiada","Alojamiento entero: piso en Paris-17E-Arrondissement, Francia",324,Anfitrión: Laurent,"4,83",124,Paris
Nuevo Apartamento Montparnasse 3 CH RDJ,"Alojamiento entero: piso en París, Francia",239,Anfitrión: Louise,"4,85",13,Paris
Bonito y acogedor piso en el corazón de París !,"Alojamiento entero: piso en París, Francia",75,Anfitrión: Laëtitia,"4,54",132,Paris
"Apartamento acogedor y funcional, barrio muy agradable.","Alojamiento entero: piso en París, Francia",175,Anfitrión: Amaury,"4,81",83,Paris
Alojamiento con estilo cerca de los Campos Elíseos y el Arco de Triunfo,"Alojamiento entero: piso en París, Francia",370,Anfitrión: Jesse,"4,88",40,Paris
Studio parisien moulin vert,"Alojamiento entero: piso en París, Francia",79,Anfitrión: Marie,"4,67",6,Paris
Central Canal Saint Martin Design & Luxe & Cosy,"Alojamiento entero: piso en París, Francia",206,Anfitrión: Baruck,"4,80",,Paris
Casa parisina |S18902|Estudio|Montmartre - Pigalle,"Alojamiento entero: piso en París, Francia",125,Anfitrión: Parisian Home,"4,38",,Paris
"Piso soleado de 2 dormitorios, a 12 minutos de Notre Dame","Alojamiento entero: piso en Arcueil, Francia",99,Anfitrión: Phuong,"4,60",99,Paris
Beau Studio Paris,"Alojamiento entero: piso en París, Francia",85,Anfitrión: Nora Et Nadir,"4,83",54,Paris
Geneviève - Estudio en el corazón de París,"Alojamiento entero: piso en París, Francia",88,Anfitrión: Roxanna,"4,0",8,Paris
¡Estudio parisino típico céntrico!,"Alojamiento entero: piso en París, Francia",85,Anfitrión: Swann,"4,75",4,Paris
Precioso apartamento parisino de Montmartre,"Alojamiento entero: piso en París, Francia",158,Anfitrión: Jonathan,"5,0",24,Paris
¡Estudio totalmente equipado!,"Alojamiento entero: piso en París, Francia",85,Anfitrión: Paris,"4,61",,Paris
Estupendo apartamento con terraza en el jardín,"Alojamiento entero: piso en Clamart, Francia",100,Anfitrión: Marie Hélène,"4,86",36,Paris
Habitaciones con encanto en la Bastilla de París,"Habitación en París, Francia",150,Quédate con Louise,"4,61",121,Paris
Halte Paris et Parc Disney,"Alojamiento entero: piso en Neuilly-sur-Marne, Francia",45,Anfitrión: Charles,"5,0",3,Paris
Apartamento tranquilo y luminoso,"Alojamiento entero: piso en París, Francia",78,Anfitrión: Maxime,"4,77",35,Paris
Bonito y acogedor apartamento cerca de Trocadero,"Alojamiento entero: piso en París, Francia",186,Anfitrión: Jesse,"4,56",9,Paris
La típica L1 parisina,"Alojamiento entero: piso en París, Francia",134,Anfitrión: Tom,"4,77",35,Paris
El lugar ideal para estar en París,"Alojamiento entero: piso en París, Francia",120,Anfitrión: Abdlhakim,"4,73",96,Paris
"Apartamento acogedor y funcional, barrio muy agradable.","Alojamiento entero: piso en París, Francia",175,Anfitrión: Amaury,"4,81",83,Paris
Encantador apartamento parisino,"Alojamiento entero: piso en París, Francia",150,Anfitrión: Hervé,"5,0",5,Paris
Romántica París: sol,"Alojamiento entero: piso en París, Francia",98,Anfitrión: Li Sha,"4,29",24,Paris
Hermoso apartamento en Marais - Louvre / Montorgueil,"Alojamiento entero: piso en París, Francia",130,Anfitrión: Marie,"5,0",4,Paris
Paris-Superbe apartamento-18,"Alojamiento entero: piso en París, Francia",75,Anfitrión: Gregoire,"4,59",29,Paris
Bonita casita a las puertas de París,"Alojamiento entero: piso en Saint-Ouen, Francia",79,Anfitrión: Admir,"4,49",,Paris
"Maravilla de Montmartre, cocooningflat Sacré-Coeur","Alojamiento entero: piso en París, Francia",251,Anfitrión: Marie,"4,69",379,Paris
Souplex en el patio - Paris Nation,"Alojamiento entero: piso en París, Francia",95,Anfitrión: Nina,,,Paris
Estudio - Canal St Martin,"Alojamiento entero: piso en París, Francia",90,Anfitrión: Antoine,"4,71",49,Paris
3 habitaciones barrio Ternes,"Alojamiento entero: piso en París, Francia",240,Anfitrión: Jérôme,"4,77",48,Paris
2) Nuevo piso junto a Marais fácil a principales atracciones,"Alojamiento entero: piso en París, Francia",91,Anfitrión: Thomas,"4,43",23,Paris
Apartamento en París XVII,"Alojamiento entero: piso en París, Francia",153,Anfitrión: Joël,"4,75",8,Paris
Apt PREMIUM- Vista de la Torre Eiffel y Montmartre,"Habitación en París, Francia",104,Anfitrión: Victoire,"4,94",,Paris
Estudio estupendo al pie del Sagrado Corazón,"Alojamiento entero: piso en París, Francia",96,Anfitrión: Soufiane,"4,61",41,Paris
Ambiente familiar tranquilo de 5* en una ubicación estupenda,"Alojamiento entero: piso en Villejuif, Francia",117,Anfitrión: Adib Antoine,"4,95",,Paris
Ubicación privilegiada/3 dormitorios/2 baños/3tv,"Alojamiento entero: piso en París, Francia",305,Anfitrión: Sarah,,,Paris
PARÍS / PUEBLO MONTMARTRE: MARAVILLOSO APARTAMENTO/ 2 BTHS,"Alojamiento entero: apto. residencial en París, Francia",294,Anfitrión: Marie,"4,80",238,Paris
Apartamento moderno y acogedor: 4 personas cerca de la Torre Eiffel,"Alojamiento entero: piso en París, Francia",193,Anfitrión: Francois,"4,75",40,Paris
Precioso apartamento pequeño en Montmartre.,"Alojamiento entero: piso en París, Francia",139,Anfitrión: Jules,"4,66",85,Paris
BANkSY MonKEY: acogedor y moderno loft en París 11,"Alojamiento entero: piso en París, Francia",90,"Anfitrión: Arnaud, AD HOC HOSTING","4,87",53,Paris
Apartamento de 70m2 - 10 minutos del centro de París,"Alojamiento entero: apto. residencial en Arcueil, Francia",187,Anfitrión: Ha Phuong,"4,77",441,Paris
