name;category;price_per_night;host;rating;reviews;city;country
Acogedor apartamento privado en el centro de Berna;Alojamiento entero;43.0; Marcos;4.68;19.0;Bern;Suiza
Exclusivo departamento urbano;Alojamiento entero;473.0; Stephan;0.0;0.0;Bern;Suiza
Sala de estar en Berna;Habitación;36.0;Arwen;5.0;5.0;Bern;Suiza
Apartamento en el casco antiguo;Alojamiento entero;125.0; Kai;4.84;339.0;Bern;Suiza
Habitación en Freimettigen;Habitación;36.0; Urs;0.0;0.0;Bern;Suiza
Ice Attic-Apt, casco antiguo, a 3 minutos de la estación de tren;Habitación;113.0; Kai;4.84;218.0;Bern;Suiza
N.º 2 apartamento acogedor y céntrico;Alojamiento entero;71.0; Bess;4.87;0.0;Bern;Suiza
Habitación en el espejo BE, a 10 de Berna;Alojamiento entero;62.0; Chantal;5.0;13.0;Bern;Suiza
Habitación soleada, súper central, estación de Berna a 5 minutos a pie;Habitación;68.0;Kai;4.93;877.0;Bern;Suiza
Como si estuvieras en casa;Habitación;42.0;Aline Karina;0.0;0.0;Bern;Suiza
Habitación ático con vistas increíbles;Habitación;53.0; Roger;4.94;16.0;Bern;Suiza
Hermosa habitación en el casco antiguo de Berna;Habitación;55.0;Eliane;4.82;68.0;Bern;Suiza
Precioso apartamento de 1 habitación con terraza y cerca de la Universidad;Alojamiento entero;76.0; Daniel;4.86;86.0;Bern;Suiza
Acogedor apartamento con patio privado en el corazón de Berna;Alojamiento entero;83.0; Lena;4.91;145.0;Bern;Suiza
"Habitación, Thörishaus Dorf, ""Kellerstudio""";Alojamiento entero;43.0; Mark;5.0;17.0;Bern;Suiza
cHEaRT de BErn – URBErN Pulse;Alojamiento entero;97.0; Rinaldo;0.0;0.0;Bern;Suiza
Cómoda Habitación cerca del centro de Berna;Habitación;78.0; Yosk;5.0;0.0;Bern;Suiza
"""B&B alba"" en loft atmosférico y silencioso";Alojamiento entero;98.0; Gema;4.99;199.0;Bern;Suiza
Logotipo céntrico y moderno de 1 habitación;Alojamiento entero;124.0; Flo;4.93;121.0;Bern;Suiza
Apartamento entero en Europaplatz;Alojamiento entero;98.0; Irene;4.95;84.0;Bern;Suiza
Apartamento de negocios moderno - Insel;Alojamiento entero;100.0; Jürg Martin;4.92;87.0;Bern;Suiza
Habitación en el centro de Berna;Habitación;88.0;Victor;4.93;15.0;Bern;Suiza
¡Pequeño pero bonito! ¡Bonito y completo!;Habitación;60.0; Martha;4.82;218.0;Bern;Suiza
Vista al Emmental: habitación con baño;Alojamiento entero;49.0; Eva-Maria;4.89;36.0;Bern;Suiza
Activo;Alojamiento entero;133.0; Anette;5.0;0.0;Bern;Suiza
Apartamento azul, casco antiguo, a 3 minutos de la estación de tren de Berna.;Habitación;127.0; Kai;4.81;203.0;Bern;Suiza
Habitación tranquila, super céntrica, a 5 minutos de la estación de tren;Habitación;70.0;Kai;4.86;212.0;Bern;Suiza
Apartamento vintage, casco antiguo, a 3 minutos a pie de la estación de Berna;Alojamiento entero;111.0; Kai;4.76;592.0;Bern;Suiza
LentulusSkyAppartement;Alojamiento entero;133.0; Matteo;5.0;5.0;Bern;Suiza
Modern City/ Business Studio;Alojamiento entero;100.0; Jürg Martin;4.81;120.0;Bern;Suiza
Encantadora habitación individual tranquila;Habitación;55.0;Esther;0.0;0.0;Bern;Suiza
Cama en un barrio agradable y tranquilo.;Habitación;62.0; Marcela;4.97;60.0;Bern;Suiza
Encantador apartamento en la ciudad de Berna;Alojamiento entero;83.0; Daniel;4.64;14.0;Bern;Suiza
Habitaciones con baño y acceso privado;Habitación;80.0; Rolf;4.81;477.0;Bern;Suiza
Apartamento espacioso y silencioso en el centro de la ciudad de Berna;Alojamiento entero;109.0; Jessica;0.0;0.0;Bern;Suiza
Nuevo apartamento renovado cerca del centro de Berna;Alojamiento entero;83.0; Huber;4.7;466.0;Bern;Suiza
Apartamento estudio de diseño en Berna - Breitenrain;Alojamiento entero;130.0; Anita;4.93;337.0;Bern;Suiza
Amplia habitación soleada, casco antiguo, a 3 minutos de la estación de Berna;Habitación;73.0; Kai;4.72;866.0;Bern;Suiza
Apartamento espacioso y silencioso en el centro de la ciudad de Berna;Alojamiento entero;109.0; Jessica;0.0;0.0;Bern;Suiza
Nuevo apartamento renovado cerca del centro de Berna;Alojamiento entero;83.0; Huber;4.7;466.0;Bern;Suiza
Acogedor dormitorio privado a 4 minutos del centro de la ciudad;Habitación;52.0;Setayesh;4.72;25.0;Bern;Suiza
Artista en The Green Park;Alojamiento entero;102.0; Cristhian;4.68;95.0;Bern;Suiza
Attic-Apt & Roof Terrace, OldTown, a 3 minutos de la estación;Alojamiento entero;140.0; Kai;4.75;750.0;Bern;Suiza
Diseño de ensueño;Alojamiento entero;117.0; Thomas;4.81;16.0;Bern;Suiza
Habitación preciosa cerca de la ciudad de Berna;Habitación;52.0;Romeo;4.57;7.0;Bern;Suiza
Apartamento en Little Park;Alojamiento entero;103.0; Cristhian;4.73;169.0;Bern;Suiza
Fantástico ático en Berna;Alojamiento entero;129.0; Huber;4.82;95.0;Bern;Suiza
Apartamento de 1 habitación cerca del centro;Alojamiento entero;107.0; Diego;0.0;0.0;Bern;Suiza
Cama en dormitorio en el Hostal 77 Berna;Habitación;46.0; Hostel 77;4.83;221.0;Bern;Suiza
Estudio soleado y relajante;Alojamiento entero;98.0; Jazmine;4.9;10.0;Bern;Suiza
Apartamento céntrico en Stadt Bern;Alojamiento entero;141.0; Edon;4.86;14.0;Bern;Suiza
habitación cerca del centro;Habitación;61.0;Liliana;4.94;0.0;Bern;Suiza
la mejor ubicación, moderno apartamento urbano;Alojamiento entero;124.0; Corinne & Chris;0.0;0.0;Bern;Suiza
Habitación tranquila con balcón cerca de la estación principal.;Habitación;62.0;Christoph;4.79;304.0;Bern;Suiza
la mejor ubicación, moderno apartamento urbano;Alojamiento entero;124.0; Corinne & Chris;0.0;0.0;Bern;Suiza
Estudio de 1 habitación con cocina;Habitación;78.0; Regula;4.96;72.0;Bern;Suiza
Artista en The Green Park;Alojamiento entero;102.0; Cristhian;4.68;95.0;Bern;Suiza
Luminoso, moderno, con asientos en el jardín,;Alojamiento entero;290.0; Michael;4.98;52.0;Bern;Suiza
2.5 habitaciones, ubicación superior, tranquilo, ideal para los usuarios de Apple;Alojamiento entero;77.0; Marcel;5.0;21.0;Bern;Suiza
Apartamento nuevo totalmente equipado cerca del centro de Berna;Alojamiento entero;99.0; Edon;4.81;208.0;Bern;Suiza
Encantador estudio central en Berna;Alojamiento entero;93.0; Glenn;5.0;13.0;Bern;Suiza
Cama en un barrio agradable y tranquilo.;Habitación;62.0; Marcela;4.97;60.0;Bern;Suiza
Estilo vintage verde, cerca de la ciudad;Alojamiento entero;54.0; Renate;4.96;70.0;Bern;Suiza
Apartamento en Little Park;Alojamiento entero;103.0; Cristhian;4.73;169.0;Bern;Suiza
Como si estuvieras en casa;Habitación;42.0;Aline Karina;0.0;0.0;Bern;Suiza
Bonito apartamento en ático loft con terraza y bañera de hidromasaje;Alojamiento entero;194.0; Dominic;4.75;145.0;Bern;Suiza
¡Pequeño pero bonito! ¡Bonito y completo!;Habitación;60.0; Martha;4.82;218.0;Bern;Suiza
Habitación en el centro de Berna;Habitación;88.0;Victor;4.93;15.0;Bern;Suiza
Apartamento en barrio tranquilo y verde;Alojamiento entero;94.0; Greg;4.91;65.0;Bern;Suiza
Apartamento de 2,5 habitaciones con patio en Liebewil;Alojamiento entero;95.0; Jacqueline;4.9;41.0;Bern;Suiza
Apartamento nuevo a estrenar sobre los techos de Berna;Alojamiento entero;139.0; Miaca;4.94;63.0;Bern;Suiza
Estancia NONO, ubicación privilegiada;Habitación;103.0;Michael;4.94;17.0;Bern;Suiza
Elegante apartamento en el casco antiguo an der Kramgasse;Alojamiento entero;124.0; Thomas;5.0;4.0;Bern;Suiza
Apartamento dúplex en el borde del bosque;Alojamiento entero;101.0; Susanne;4.97;231.0;Bern;Suiza
Tranquilo Ático-Apto., Super céntrico;Alojamiento entero;188.0; Kai;4.91;74.0;Bern;Suiza
Apartamento urbano en el corazón de Berna incl. piscina;Alojamiento entero;379.0; Stephan;4.98;52.0;Bern;Suiza
Acogedor apartamento estudio con patio (terraza);Alojamiento entero;98.0; Keyced;4.95;22.0;Bern;Suiza
Apartamento entero de 2 habitaciones (planta baja) en Berna- Bümpliz;Alojamiento entero;145.0; Gabriela;4.95;21.0;Bern;Suiza
Apartamento rojo, casco antiguo, a 3 minutos de la estación de tren;Habitación;166.0; Kai;4.88;174.0;Bern;Suiza
Orange Apt., casco antiguo, a 3 minutos de la estación de tren de Berna.;Habitación;250.0; Kai;4.82;233.0;Bern;Suiza
Apartamento en el centro de la ciudad;Alojamiento entero;194.0; Mariia;5.0;3.0;Bern;Suiza
Apartamento en ático de 2 habitaciones Wohlensee;Alojamiento entero;56.0; Claude;4.88;0.0;Bern;Suiza
Como si estuvieras en casa;Habitación;42.0;Aline Karina;0.0;0.0;Bern;Suiza
Comfort Apt., casco antiguo, a 3 minutos de la estación de Berna.;Alojamiento entero;162.0; Kai;4.8;733.0;Bern;Suiza
El encantador apartamento de Grandy junto al río Aare;Alojamiento entero;114.0; Chenevals;4.8;10.0;Bern;Suiza
Acogedor salón 1,5: Comodidad y Silencio;Alojamiento entero;103.0; Pasquale;4.8;15.0;Bern;Suiza
Apt Estudio completo Centro Berna;Alojamiento entero;127.0; Swiss Migration;4.67;0.0;Bern;Suiza
Diseña en el antiguo edificio Breitenrain para que te sientas bien;Alojamiento entero;169.0; Gudrun;4.94;0.0;Bern;Suiza
Estudio de la ciudad, casco antiguo, a 3 minutos de la estación de Berna;Alojamiento entero;124.0; Kai;4.7;821.0;Bern;Suiza
Tranquilo y elegante apartamento con jardín a 10 minutos del centro;Alojamiento entero;66.0; Julia;4.75;413.0;Bern;Suiza
encantador apartamento de 1 habitación en el corazón de Berna;Alojamiento entero;121.0; Andreas;4.72;53.0;Bern;Suiza
Apartamento nuevo totalmente equipado cerca del centro de Berna;Alojamiento entero;99.0; Edon;4.81;208.0;Bern;Suiza
City Center Studio;Alojamiento entero;88.0; Maneli;5.0;0.0;Bern;Suiza
Apt Estudio completo Centro Berna;Alojamiento entero;127.0; Swiss Migration;4.67;0.0;Bern;Suiza
Maisonette para 6 personas, ubicación súper céntrica;Alojamiento entero;259.0; Elriz;4.58;40.0;Bern;Suiza
Top Central Apart en Berna;Alojamiento entero;129.0; Swiss Migration;4.71;0.0;Bern;Suiza
Piso dulce en el corazón de Berna;Alojamiento entero;161.0; Shivani;4.82;17.0;Bern;Suiza
Precioso apartamento en la azotea;Alojamiento entero;118.0; Marianne;4.6;5.0;Bern;Suiza
Apartamento de 2,5 habitaciones con balcón y vistas;Alojamiento entero;78.0; Jeannette;4.82;11.0;Bern;Suiza
Encantador apartamento en el barrio de moda de Länggasse;Alojamiento entero;168.0; Olivier;5.0;4.0;Bern;Suiza
Apartamento de 1 dormitorio con chimenea y terraza privada;Alojamiento entero;81.0; Danja-Maria;5.0;0.0;Bern;Suiza
Idílico apartamento de 2 habitaciones en el campo;Alojamiento entero;88.0; Miriam;5.0;34.0;Bern;Suiza
Loft con estilo en uno de los mejores barrios de Berna;Alojamiento entero;206.0; Patricia;5.0;56.0;Bern;Suiza
NEB-Thun apartment near Interlaken and Thun;Alojamiento entero;74.0; Neb-Thun;0.0;0.0;Bern;Suiza
Apartamento de 2 habitaciones en la ciudad más bonita de Suiza;Alojamiento entero;176.0; Tobias;0.0;0.0;Bern;Suiza
Sweet Retreat con Dreamy Lakeviews;Alojamiento entero;168.0; Sara And Rob;5.0;31.0;Bern;Suiza
Mountain Lodge *Nature *Queen Beds *Estacionamiento gratis;Alojamiento entero;129.0; Oliver;5.0;21.0;Bern;Suiza
Estudio con vistas al lago y a la montaña;Alojamiento entero;169.0; Karin Joyce;5.0;0.0;Bern;Suiza
Estudio con vistas al lago y a la montaña;Alojamiento entero;169.0; Karin Joyce;5.0;0.0;Bern;Suiza
Schönes Studio en Steffisburg;Alojamiento entero;78.0; Verena;4.99;92.0;Bern;Suiza
Hermoso departamento con vista a la montaña y jacuzzi;Alojamiento entero;108.0; Ursula;4.99;0.0;Bern;Suiza
Bonito estudio con aparcamiento;Alojamiento entero;98.0; Herbert Und Lydia;4.98;54.0;Bern;Suiza
Cómodo apartamento en el ático en una granja;Alojamiento entero;103.0; Rosita;5.0;0.0;Bern;Suiza
Granja;Habitación;52.0;Corinna;4.82;11.0;Bern;Suiza
Loft en el borde verde de Berna cerca del río Aare;Alojamiento entero;85.0; Jürg;4.87;30.0;Bern;Suiza
Precioso y acogedor apartamento de 2 habitaciones, céntricoy tranquilo;Alojamiento entero;82.0; Dora & Edgar;4.98;255.0;Bern;Suiza
Altbau-Bijou im Breitenrain;Alojamiento entero;168.0; Dominik;0.0;0.0;Bern;Suiza
(b) (estudio);Alojamiento entero;69.0; Peter;4.99;188.0;Bern;Suiza
2 habitaciones privadas en una gran casa de los años 20;Habitación;116.0; Johanna & Mattia;4.97;163.0;Bern;Suiza
Apartamento tranquilo con vistas excepcionales;Alojamiento entero;181.0; Rosie;4.95;22.0;Bern;Suiza
Apartamento de lujo de un dormitorio;Alojamiento entero;185.0; Los;0.0;0.0;Bern;Suiza
Mi alojamiento es mi castillo;Alojamiento entero;71.0; Annemarie;5.0;9.0;Bern;Suiza
Armotti Friedheim 2 dormitorios y oficina en el hogar;Alojamiento entero;179.0; Bruna;4.8;35.0;Bern;Suiza
Encantador estudio en el casco antiguo;Alojamiento entero;145.0; Christine;5.0;34.0;Bern;Suiza
Arquitectura. Pura. Lujo.;Alojamiento entero;250.0; Andrea;5.0;0.0;Bern;Suiza
Diseño de apartamentos cerca de la ciudad y la naturaleza;Alojamiento entero;189.0; Simone;4.94;0.0;Bern;Suiza
Diseña en el antiguo edificio Breitenrain para que te sientas bien;Alojamiento entero;169.0; Gudrun;4.94;0.0;Bern;Suiza
Casa de campo galardonada de nueva construcción en el lago Thun.;Alojamiento entero;440.0; Negar;4.98;185.0;Bern;Suiza
Bonito apartamento cerca del lago;Alojamiento entero;114.0; Beatrice;5.0;6.0;Bern;Suiza
"Studio-Apartment ""Lakeland""";Alojamiento entero;93.0; Regina & Alois;4.99;183.0;Bern;Suiza
Descansa tranquilo con vistas al lago /a la montaña/aparcamiento gratuito.;Alojamiento entero;186.0; Heidi;5.0;52.0;Bern;Suiza
Hogar para los amantes;Alojamiento entero;88.0; Samuel;5.0;66.0;Bern;Suiza
¡Gran apartamento con todo lo que tu corazón desea!;Alojamiento entero;92.0; Corina;4.94;117.0;Bern;Suiza
Acogedora habitación de maisonette cerca del centro de la ciudad;Habitación;68.0; Ninón & Lou;0.0;0.0;Bern;Suiza
"Pequeña casa rural romántica ""Bödeliweidli""";Alojamiento entero;122.0; Isabelle;5.0;18.0;Bern;Suiza
Estudio moderno con vistas espectaculares;Alojamiento entero;117.0; Rafaela;5.0;17.0;Bern;Suiza
1, 5 Habitaciones Bijou Mittagsfluh;Alojamiento entero;62.0; Debora;4.98;195.0;Bern;Suiza
Ático de la parte superior en Berna;Alojamiento entero;171.0; Paolo + Franziska;4.97;95.0;Bern;Suiza
Apartamento con vistas bonitas;Alojamiento entero;54.0; Hildegard Und Peter;4.98;200.0;Bern;Suiza
Vacaciones en la finca con una vista única.;otro;155.0; Sonya;4.95;61.0;Bern;Suiza
Hermoso, luminoso y tranquilo apartamento cerca de Berna;Alojamiento entero;101.0; Ulrike;4.93;61.0;Bern;Suiza
Chalet para amantes de la naturaleza;Alojamiento entero;92.0; Franziska;4.99;72.0;Bern;Suiza
Loft P8: Amplio con esa cosa especial;Alojamiento entero;114.0; Franziska;4.92;86.0;Bern;Suiza
En el céntrico, tranquilo, cerca de tren y autobús, cerca de la naturaleza;Alojamiento entero;78.0; Doro Und Jakob;4.98;59.0;Bern;Suiza
Acogedor apartamento de 1 habitación;Alojamiento entero;67.0; Renate;4.98;342.0;Bern;Suiza
Casa céntrica en Zollikofen;Alojamiento entero;202.0; Michael & Selina;5.0;7.0;Bern;Suiza
2 habitaciones amuebladas en planta baja;Alojamiento entero;78.0; Rosette;5.0;9.0;Bern;Suiza
Estudio con terraza en Charmey;Alojamiento entero;101.0; Marie-Cécile;4.98;196.0;Bern;Suiza
Chalet con vistas excepcionales;Alojamiento entero;128.0; Frédéric Et Stéphanie;4.96;53.0;Bern;Francia
Lujoso apartamento con vistas al lago Panorama, aparcamiento, tranquilo;Alojamiento entero;434.0; Eva Maria;5.0;21.0;Bern;Suiza
Habitación muy cómoda;Habitación;69.0; David;5.0;5.0;Bern;Suiza
Thun City Apartment;Alojamiento entero;145.0; Stefanie;4.93;76.0;Bern;Suiza
Ático bien diseñado;Alojamiento entero;78.0; Gaby;4.94;160.0;Bern;Suiza
1-2 habitaciones, 4 km de Berna en el área recreativa;Habitación;67.0;Peter;4.98;64.0;Bern;Suiza
Estudio muy cómodo;Alojamiento entero;67.0; Frank;4.88;8.0;Bern;Suiza
Apartamento;Alojamiento entero;89.0; Rachel;5.0;5.0;Bern;Suiza
Chalet en Gruyère, magníficas vistas;Alojamiento entero;103.0; Rosy;4.98;163.0;Bern;Suiza
Lugar mágico de Beatenberg y sala morada;Habitación;228.0;Gerti;4.88;206.0;Bern;Suiza
Cama «bir hübelihäx» - Desayuno en Wunsch;Habitación;39.0;Annette;5.0;9.0;Bern;Suiza
Apartamento con luz alpina, piscina climatizada, jardín;Alojamiento entero;125.0; Martina;4.98;176.0;Bern;Suiza
Pequeño loft lleno de luz en el campo, edificio nuevo;Alojamiento entero;103.0; Hans Martin;5.0;0.0;Bern;Suiza
Hübeli Lodge;Alojamiento entero;83.0; Karin;5.0;52.0;Bern;Suiza
Estudio muy cómodo;Alojamiento entero;67.0; Frank;4.88;8.0;Bern;Suiza
Lujoso apartamento con vistas al lago Panorama, aparcamiento, tranquilo;Alojamiento entero;434.0; Eva Maria;5.0;21.0;Bern;Suiza
Apartamento con luz alpina, piscina climatizada, jardín;Alojamiento entero;125.0; Martina;4.98;176.0;Bern;Suiza
Chalet en Gruyère, magníficas vistas;Alojamiento entero;103.0; Rosy;4.98;163.0;Bern;Suiza
La petite Marie Louise;Alojamiento entero;103.0; Montse;5.0;9.0;Bern;Suiza
Estudio Lichtena;Alojamiento entero;83.0; Julia;4.84;43.0;Bern;Suiza
2 habitaciones amuebladas en planta baja;Alojamiento entero;78.0; Rosette;5.0;9.0;Bern;Suiza
Apartamento del casco antiguo en el corazón de Thun con jardín;Alojamiento entero;125.0; Salome;5.0;14.0;Bern;Suiza
Stöckli apto para familias con ollas calientes/alpacas;otro;134.0; Anne;5.0;33.0;Bern;Suiza
Apartamento en la habitación con encanto.;Alojamiento entero;78.0; Barbara;4.96;25.0;Bern;Suiza
1-2 habitaciones, 4 km de Berna en el área recreativa;Habitación;67.0;Peter;4.98;64.0;Bern;Suiza
chalet wohnspycher blockhaus (sin aire acondicionado);Alojamiento entero;172.0; Erich Christian;4.82;17.0;Bern;Suiza
Hübeli Lodge;Alojamiento entero;83.0; Karin;5.0;52.0;Bern;Suiza
Idílica casa de madera en el borde del bosque;Alojamiento entero;153.0; Andrea;5.0;11.0;Bern;Suiza
Apartamento;Alojamiento entero;89.0; Rachel;5.0;5.0;Bern;Suiza
"Chalet ""ZUM SCHNÜFU"" en el Salwald";Alojamiento entero;276.0; David;5.0;25.0;Bern;Suiza
Pequeño loft lleno de luz en el campo, edificio nuevo;Alojamiento entero;103.0; Hans Martin;5.0;0.0;Bern;Suiza
Apartamento chalet soleado en parque natural;Alojamiento entero;111.0; Angela;5.0;0.0;Bern;Suiza
N.º 1 apartamento acogedor y céntrico;Alojamiento entero;74.0; Bess;4.8;0.0;Bern;Suiza
Edificio antiguo departamento an der Aare;Alojamiento entero;78.0; Amandus;0.0;0.0;Bern;Suiza
Acogedora, encantadora y céntrica 3,5 habitaciones en Biel;Alojamiento entero;71.0; David;4.88;0.0;Bern;Suiza
Casa-Margarita: apartamento de 2,5 habitaciones, buena vista.;Alojamiento entero;202.0; Torsten;4.98;0.0;Bern;Suiza
2 habitaciones amuebladas en planta baja;Alojamiento entero;78.0; Rosette;5.0;9.0;Bern;Suiza
Tiny de l'Aigle (La Tiny de l' Aigle);otro;157.0; Nicole Françoise;5.0;60.0;Bern;Suiza
Habitación tranquila en el centro de Berna;Habitación;61.0; Claudio;4.97;30.0;Bern;Suiza
Apartamento estudio con estacionamiento y jardín privado;Alojamiento entero;109.0; Eileen & John;4.85;34.0;Bern;Suiza
Pequeño loft lleno de luz en el campo, edificio nuevo;Alojamiento entero;103.0; Hans Martin;5.0;0.0;Bern;Suiza
1-2 habitaciones, 4 km de Berna en el área recreativa;Habitación;67.0;Peter;4.98;64.0;Bern;Suiza
Casa céntrica en Zollikofen;Alojamiento entero;202.0; Michael & Selina;5.0;7.0;Bern;Suiza
En mitad de Berna;Alojamiento entero;124.0; Kristina;0.0;0.0;Bern;Suiza
Chalet con vistas a la montaña;Alojamiento entero;78.0; Nicolai;4.98;350.0;Bern;Suiza
Apartamento;Alojamiento entero;89.0; Rachel;5.0;5.0;Bern;Suiza
Lakeview Gem;Alojamiento entero;433.0; Rafael;4.91;390.0;Bern;Suiza
Maravilloso lugar para relajarse cerca de la ciudad;Alojamiento entero;83.0; Daniel;4.83;12.0;Bern;Suiza
Armotti: ultra comodidad con la mejor velocidad de internet;Alojamiento entero;233.0; Bruna;4.96;53.0;Bern;Suiza
"""caroleandclaus""Precioso apartamento en Berna-Wabern";Alojamiento entero;155.0; Caroline;5.0;19.0;Bern;Suiza
Apartamento. Acogedor con vistas al parque Chasseral;Alojamiento entero;83.0; Lourdes;4.99;108.0;Bern;Suiza
Tiny de l'Aigle (La Tiny de l' Aigle);otro;157.0; Nicole Françoise;5.0;60.0;Bern;Suiza
Hay lugares, en nuestra tierra, que tienen alma;otro;155.0; Sophie;4.98;179.0;Bern;Suiza
Oasis de bienestar entre la capital y la naturaleza;Habitación;74.0; Samuel;4.85;39.0;Bern;Suiza
Lakeview Gem;Alojamiento entero;433.0; Rafael;4.91;390.0;Bern;Suiza
Habitación tranquila en el centro de Berna;Habitación;61.0; Claudio;4.97;30.0;Bern;Suiza
Chalet con vistas a la montaña;Alojamiento entero;78.0; Nicolai;4.98;350.0;Bern;Suiza
Un paraíso familiar.;Alojamiento entero;80.0; Christian;4.95;199.0;Bern;Suiza
Pequeño loft lleno de luz en el campo, edificio nuevo;Alojamiento entero;103.0; Hans Martin;5.0;0.0;Bern;Suiza
Villars-sur-Glâne - estudio independiente;Alojamiento entero;62.0; Christine;4.99;92.0;Bern;Suiza
Apartamento de 2 habitaciones con vistas a las montañas y al castillo;Alojamiento entero;103.0; Ursula;4.97;88.0;Bern;Suiza
La casa en azoteas y la casa del lago se vuelve a publicar en la cuenta de los propietarios.;Alojamiento entero;359.0; Claudia;4.98;44.0;Bern;Suiza
Casa acogedora Natur-/Stadtnah cerca de Berna;Alojamiento entero;233.0; Anneke;4.75;0.0;Bern;Suiza
Apartamento Wohn(t)raum;Alojamiento entero;81.0; Frank;0.0;0.0;Bern;Suiza
Oasis tranquilo, apartamento de 2 dormitorios Suiza, Biel/Bienne;Alojamiento entero;67.0; Simone / Emil;4.94;104.0;Bern;Suiza
Armotti: ultra comodidad con la mejor velocidad de internet;Alojamiento entero;233.0; Bruna;4.96;53.0;Bern;Suiza
Pequeño apartamento en Neuchâtel;Alojamiento entero;88.0; Olivier;0.0;0.0;Bern;Suiza
Cabaña moderna con vistas únicas en Gruyère;Alojamiento entero;150.0; Delphine;4.98;121.0;Bern;Suiza
Habitación tranquila en el centro de Berna;Habitación;61.0; Claudio;4.97;30.0;Bern;Suiza
Habitación en un bonito apartamento de un edificio antiguo;Habitación;72.0;Naja;0.0;0.0;Bern;Suiza
Apartamento con vistas al lago en la preciosa Oberhofen;Alojamiento entero;186.0; Nicole;4.89;0.0;Bern;Suiza
Chalet con vistas a la montaña;Alojamiento entero;78.0; Nicolai;4.98;350.0;Bern;Suiza
Cabaña con encanto;Alojamiento entero;251.0; Rina;4.86;0.0;Bern;Suiza
Casa-Margarita: apartamento de 2,5 habitaciones, buena vista.;Alojamiento entero;202.0; Torsten;4.98;0.0;Bern;Suiza
Casa acogedora Natur-/Stadtnah cerca de Berna;Alojamiento entero;233.0; Anneke;4.75;0.0;Bern;Suiza
Estancia en pleno campo en una granja renovada;otro;72.0; Marianne;5.0;5.0;Bern;Suiza
Apartamento de 2 habitaciones con vistas a las montañas y al castillo;Alojamiento entero;103.0; Ursula;4.97;88.0;Bern;Suiza
Apartamento nuevo entre Berna y Thun;Alojamiento entero;124.0; Regula;0.0;0.0;Bern;Suiza
Idílica casa de madera en el borde del bosque;Alojamiento entero;153.0; Andrea;5.0;11.0;Bern;Suiza
Villars-sur-Glâne - estudio independiente;Alojamiento entero;62.0; Christine;4.99;92.0;Bern;Suiza
Barock Departamento;Alojamiento entero;128.0; Jessica;4.74;34.0;Bern;Suiza
Armotti: ultra comodidad con la mejor velocidad de internet;Alojamiento entero;233.0; Bruna;4.96;53.0;Bern;Suiza
Un paraíso familiar.;Alojamiento entero;80.0; Christian;4.95;199.0;Bern;Suiza
Lujoso,accesible,gran apartamento de 1 dormitorio, ¡vistacompleta del Eiger!;Alojamiento entero;198.0; Reto;4.94;62.0;Bern;Suiza
"""caroleandclaus""Precioso apartamento en Berna-Wabern";Alojamiento entero;155.0; Caroline;5.0;19.0;Bern;Suiza
Apartamento Sunside Sunside Sun Coast en Thunersee;Alojamiento entero;111.0; Lukas;4.96;82.0;Bern;Suiza
"""caroleandclaus""Precioso apartamento en Berna-Wabern";Alojamiento entero;155.0; Caroline;5.0;19.0;Bern;Suiza
Pipin 's Studio;Alojamiento entero;88.0; Laurent;4.82;168.0;Bern;Suiza
Un paraíso familiar.;Alojamiento entero;80.0; Christian;4.95;199.0;Bern;Suiza
Chalet Gurnigelbad - con jardín y sauna;Alojamiento entero;102.0; Andreas Vom Bernapark;4.91;81.0;Bern;Suiza
Apartamento de 2,5 habitaciones en el centro del casco antiguo de Thun.;Alojamiento entero;119.0; Werner;4.97;35.0;Bern;Suiza
Apartamento Wohn(t)raum;Alojamiento entero;81.0; Frank;0.0;0.0;Bern;Suiza
Gîtes du Gore Virat;Alojamiento entero;130.0; Pierre;4.97;144.0;Bern;Suiza
Vivir en un entorno histórico en Berna;Alojamiento entero;102.0; Cornelia;4.78;23.0;Bern;Suiza
Te damos la bienvenida a Chalet, cerca de la ciudad de Berna;Alojamiento entero;114.0; Daniela;4.97;106.0;Bern;Suiza
Moderno y cómodo - Estudio Evasión en Gruyère;Alojamiento entero;78.0; Alina;4.89;9.0;Bern;Suiza
SwissHut Amazing Views Alps & Lake Thun;Alojamiento entero;187.0; SwissHut Chalets & Apartments;4.96;23.0;Bern;Suiza
Alojamiento familiar con encanto;Alojamiento entero;123.0; Joyce;0.0;0.0;Bern;Suiza
Apartamento luminoso de 1 habitación muy acogedor —-;Alojamiento entero;58.0; Stefanie;4.4;5.0;Bern;Suiza
Alojamiento en estudio fotográfico, aseo privado y ducha;Alojamiento entero;55.0; Stefan;4.86;58.0;Bern;Suiza
Acogedor apartamento de 1,5 habitaciones;Alojamiento entero;61.0; Claudia;4.9;41.0;Bern;Suiza
Lugar mágico de Beatenberg y habitación para huéspedes compartida;Habitación;197.0;Gerti;4.83;570.0;Bern;Suiza
Casa de vacaciones independiente en el Emmental;Alojamiento entero;128.0; Marcel Und Tanja;5.0;11.0;Bern;Suiza
Acogedor, único y elegante junto al lago y las montañas;Alojamiento entero;207.0; Jos;4.99;313.0;Bern;Suiza
Hermoso ático cerca del lago Müggelsee;Alojamiento entero;53.0; Dana Bianca;0.0;0.0;Berlin;Alemania
Apartamento de 74 metros cuadrados en Berlín-Charlottenburg;Alojamiento entero;77.0; Tristan;0.0;0.0;Berlin;Alemania
Apartamento doble en Frankfurter Allee;Alojamiento entero;75.0; Flo;0.0;0.0;Berlin;Alemania
Suite Home Two-Bedroom Apartment;Alojamiento entero;214.0; SANA Berlin Residence;4.79;419.0;Berlin;Alemania
"Nena Apartments Metropolpark ""Studio""";Habitación;117.0; Nena Apartments Metropolpark Berlin;4.53;0.0;Berlin;Alemania
Terraza en el Wintergarten – 86 m²;Alojamiento entero;205.0; Peter;4.92;25.0;Berlin;Alemania
Piso acogedor y tranquilo en Prenzlauer Berg;Alojamiento entero;99.0; Lisa;4.92;12.0;Berlin;Alemania
Ático en el corazón de Berlín;Alojamiento entero;190.0; Raphael;0.0;0.0;Berlin;Alemania
Hermoso, luminoso, con buenas vistas al campo;Alojamiento entero;80.0; Berlina;0.0;0.0;Berlin;Alemania
Stadtflucht Penthouse 5.2.2;Alojamiento entero;149.0; Olaf;5.0;15.0;Berlin;Alemania
Design-Studio Bergmannkiez;Alojamiento entero;92.0; Daniel;5.0;30.0;Berlin;Alemania
Traum Apartment mit 150 m²;Alojamiento entero;195.0; Thomas;5.0;12.0;Berlin;Alemania
Loft de lujo de nuevo diseño en el moderno Prenzlauer Berg;Alojamiento entero;200.0; Ralph;4.98;49.0;Berlin;Alemania
Apartamento CÉNTRICO Y CÓMODO en Prenzlauer Berg cerca de Mitte;Alojamiento entero;89.0; Benedikt&Edi;4.97;276.0;Berlin;Alemania
Loft- Mejor ubicación, 90m2, 2 baños, 2 Balcón, tranquilo.;Alojamiento entero;189.0; Damian;5.0;43.0;Berlin;Alemania
2 encantadores apartamentos de 2 habitaciones en Berlín Mitte;Alojamiento entero;129.0; Kristian;4.66;130.0;Berlin;Alemania
Exquisito 100 metros cuadrados an der Spree;Alojamiento entero;131.0; Philippe;5.0;10.0;Berlin;Alemania
Apartamento de lujo de 2 dormitorios en Mitte;Alojamiento entero;198.0; Ori;0.0;0.0;Berlin;Alemania
Soleado y diseño en Berlin Mitte;Alojamiento entero;164.0; Matthias;5.0;204.0;Berlin;Alemania
402 * Urban Apartment in top area *;Alojamiento entero;228.0; Douglas;0.0;0.0;Berlin;Alemania
Impresionante loft de diseño en la mejor ubicación de Kreuzberg;Alojamiento entero;180.0; Pablo;4.96;26.0;Berlin;Alemania
Apartamento soleado en la azotea;Alojamiento entero;114.0; Rositca;5.0;4.0;Berlin;Alemania
Loft enorme Berlin-Mitte con baño propio y aire acondicionado;Habitación;99.0; Robert;4.99;518.0;Berlin;Alemania
Apartamento estudio de diseño con balcón, Berlin Mitte;Alojamiento entero;139.0; Ipartment;0.0;0.0;Berlin;Alemania
Apartamento tipo estudio en la casa con jardín;Alojamiento entero;91.0; Jan;4.82;88.0;Berlin;Alemania
The Spree Condo;Alojamiento entero;300.0; Dani;0.0;0.0;Berlin;Alemania
Apartamento de la ciudad en Wrangelkiez;Alojamiento entero;90.0; André;5.0;24.0;Berlin;Alemania
Hermoso departamento luminoso y luminoso con balcón/10’ Mitte;Alojamiento entero;121.0; Ermal;4.92;26.0;Berlin;Alemania
Berlín Puro: nuevo moderno y elegante/2 habitaciones/pared/centro;Alojamiento entero;213.0; Kathrin;5.0;51.0;Berlin;Alemania
Creativo + renovado + Cool Bergmannkiez;Alojamiento entero;61.0; Suites And More;4.79;327.0;Berlin;Alemania
Precioso y céntrico;Alojamiento entero;; Mia;0.0;0.0;Berlin;Alemania
Stayery | Estudio moderno cerca de Boxhagener Platz;Alojamiento entero;68.0; Stayery;4.76;228.0;Berlin;Alemania
NIDO DE AVES SOBRE BERLÍN;Alojamiento entero;140.0; Siggi;4.9;73.0;Berlin;Alemania
numa I Suite Espaciosa en Checkpoint Charlie;Alojamiento entero;108.0; Numa Arc;4.63;0.0;Berlin;Alemania
Apartamento de maisonette de 4 habitaciones de Youngster de 50 metros cuadrados cerca del centro;Alojamiento entero;; Fabian;0.0;0.0;Berlin;Alemania
Apartamento tipo estudio único en el monumento;Alojamiento entero;80.0; Philipp;0.0;0.0;Berlin;Alemania
Apartamento boutique en la azotea de 1237 pies cuadrados en City West;Alojamiento entero;121.0; Christoph;4.93;299.0;Berlin;Alemania
Apartamento de maisonette de 4 habitaciones de Youngster de 50 metros cuadrados cerca del centro;Alojamiento entero;123.0; Fabian;4.8;44.0;Berlin;Alemania
Apartamento ático con terraza en la azotea sobre Berlín;Alojamiento entero;266.0; Caroline;4.9;20.0;Berlin;Alemania
Acogedor y tranquilo cine boutique en Winskiez;Alojamiento entero;138.0; Camilla;4.95;148.0;Berlin;Alemania
Loft tranquilo y espacioso, estacionamiento privado disponible;Alojamiento entero;194.0; Flora;5.0;3.0;Berlin;Alemania
Bienvenido a tu hogar en Berlín;Alojamiento entero;122.0; Oliver;4.94;119.0;Berlin;Alemania
Habitación tranquila en Berlín en K-Berg;Alojamiento entero;90.0; Jan;4.97;31.0;Berlin;Alemania
Apartamento luminoso y lujoso en el parque;Alojamiento entero;97.0; Sarah;0.0;0.0;Berlin;Alemania
Penthouse im Graefekiez;Alojamiento entero;128.0; Stefan;5.0;5.0;Berlin;Alemania
Studio nuthetal, nahe Berlin & Potsdam, Parkplatz;Alojamiento entero;132.0; Antje;4.99;69.0;Berlin;Alemania
Gran loft de 1 habitación;Alojamiento entero;134.0; Benjamin;4.87;0.0;Berlin;Alemania
Enorme Loft Berlin-Mitte con baño privado y aire acondicionado;Habitación;97.0; Robert;4.97;445.0;Berlin;Alemania
Fantástica casa flotante en la ciudad de Berlín;otro;237.0; Boat On The River;4.97;147.0;Berlin;Alemania
Hermoso departamento con vista a la bahía;Alojamiento entero;130.0; Sigrid;5.0;32.0;Berlin;Alemania
Elegante nuevo loft II de Berlin-Wall-Apartments;Alojamiento entero;158.0; Karolina & Philipp;4.87;134.0;Berlin;Alemania
Precioso apartamento luminoso de 2 habitaciones en el corazón de Friedrichshain;Alojamiento entero;95.0; Doris;4.91;70.0;Berlin;Alemania
Precioso apartamento antiguo en Kreuzberg;Alojamiento entero;94.0; Kevin;4.79;197.0;Berlin;Alemania
Apartamento estudio de diseño con balcón, Berlin Mitte;Alojamiento entero;139.0; Ipartment;5.0;5.0;Berlin;Alemania
Apartamento tranquilo y acogedor en Samarieterviertel con terraza.;Alojamiento entero;149.0; Violeta;4.95;21.0;Berlin;Alemania
Stayery | Estudio moderno cerca de Boxhagener Platz;Alojamiento entero;68.0; Stayery;4.76;228.0;Berlin;Alemania
El oasis escandinavo;Alojamiento entero;200.0; Victoria;4.97;114.0;Berlin;Alemania
Apartamento estudio en planta baja central;Alojamiento entero;89.0; Hendrik;4.92;97.0;Berlin;Alemania
Loft tranquilo y espacioso, estacionamiento privado disponible;Alojamiento entero;194.0; Flora;5.0;3.0;Berlin;Alemania
Elegante apartamento en el Görli;Alojamiento entero;138.0; Joseph;4.9;104.0;Berlin;Alemania
Precioso apartamento en Mitte;Alojamiento entero;88.0; Alice;5.0;8.0;Berlin;Alemania
Departamento Boutique Ruhiges;Alojamiento entero;70.0; Mathias;4.89;9.0;Berlin;Alemania
794 APARTAMENTO DE LUJO DE UNA HABITACIÓN EN CENTRAL MITTE;Alojamiento entero;150.0; Tanja;4.9;20.0;Berlin;Alemania
Kreuzberger Altbau mit Kachelofen;Alojamiento entero;76.0; Jan;4.83;60.0;Berlin;Alemania
Kreuzberger Perle: luminoso y cerca del agua;Alojamiento entero;203.0; Josephine;5.0;27.0;Berlin;Alemania
numa I Suite Espaciosa en Checkpoint Charlie;Alojamiento entero;108.0; Numa Arc;4.63;0.0;Berlin;Alemania
numa | Habitación moderna con registro de entrada digital;Alojamiento entero;87.0; Numa Drift;4.77;0.0;Berlin;Alemania
Elegante oasis en el corazón de Berlín;Alojamiento entero;121.0; Sacha;4.88;24.0;Berlin;Alemania
Altbau en Berlín-Wilmersdorf;Alojamiento entero;72.0; Katharina;0.0;0.0;Berlin;Alemania
Apartamento de 2 habitaciones en Friedrichshain;Alojamiento entero;125.0; Ursula;5.0;0.0;Berlin;Alemania
Apartamento estudio de diseño con balcón, Berlin Mitte;Alojamiento entero;139.0; Ipartment;5.0;5.0;Berlin;Alemania
Piso moderno en Neukölln / Kreuzberg;Alojamiento entero;99.0; Mariam;4.79;0.0;Berlin;Alemania
moderno y céntrico estudio cerca de Alexanderplatz;Alojamiento entero;115.0; Julian;4.82;324.0;Berlin;Alemania
¡Habitación en casa flotante en el centro!;Habitación;65.0;Linus;0.0;0.0;Berlin;Alemania
Creativo + renovado + Cool Bergmannkiez;Alojamiento entero;61.0; Suites And More;4.79;327.0;Berlin;Alemania
Apartamento agradable con cama con dosel y terraza;Alojamiento entero;95.0; Berat;0.0;0.0;Berlin;Alemania
Apartamento de diseño en el corazón de Mitte;Alojamiento entero;122.0; Jacopo;4.87;79.0;Berlin;Alemania
(estudio);Habitación;100.0; Nena;4.77;0.0;Berlin;Alemania
Apartamento espacioso/ Kudamm / City West;Alojamiento entero;92.0; Thomas;4.59;59.0;Berlin;Alemania
Berlin Muellerstr. | Suite L;Alojamiento entero;102.0; Limehome;4.75;16.0;Berlin;Alemania
Impresionante ático moderno en Mitte;Alojamiento entero;181.0; Ori;0.0;0.0;Berlin;Alemania
795 APARTAMENTO DE LUJO CON TERRAZA EN MITTE;Alojamiento entero;150.0; Tanja;4.6;15.0;Berlin;Alemania
Acogedor apartamento tipo estudio en Friedrichshain;Alojamiento entero;70.0; Gian Luca;4.5;0.0;Berlin;Alemania
Acogedor apartamento en Prenzlauerberg;Alojamiento entero;84.0; Daniel;0.0;0.0;Berlin;Alemania
Apartamento arquitectónico en Kreuzberg;Alojamiento entero;78.0; Jan;4.72;457.0;Berlin;Alemania
Apartamento de diseño moderno;Alojamiento entero;89.0; Vincent;4.33;3.0;Berlin;Alemania
"Nena Apartments Moritzplatz ""estudio""";Habitación;110.0; Nena Apartments Moritzplatz;4.57;0.0;Berlin;Alemania
Apartamento URBANO 2012 * en el centro de la ciudad;Alojamiento entero;249.0; Douglas;0.0;0.0;Berlin;Alemania
Apartamento en Berlín Mitte;Alojamiento entero;100.0; Isabelle;0.0;0.0;Berlin;Alemania
limehome Berlin Stresemannstr | Suite;Alojamiento entero;97.0; Limehome;4.43;51.0;Berlin;Alemania
limehome Berlin Stresemannstr | Suite;Alojamiento entero;97.0; Limehome;4.43;51.0;Berlin;Alemania
Lujoso penthouse prémium de 3 habitaciones en Berlín Mitte;Alojamiento entero;115.0; Fabian;4.86;7.0;Berlin;Alemania
habitación plana azul;Alojamiento entero;80.0; Henning;0.0;0.0;Berlin;Alemania
Bonito y gran sótanoen el canal kreuzberg;Alojamiento entero;76.0; Mario;0.0;0.0;Berlin;Alemania
Lake Side Park/Historic/BER /Ư;Alojamiento entero;71.0; Jan;4.44;27.0;Berlin;Alemania
Piso moderno con Homecinema, Netflix, 2 Min. Tranvía;Alojamiento entero;147.0; Sophie;4.5;8.0;Berlin;Alemania
Acogedor apartamento tipo loft en Berlín Wilmersdorf;Alojamiento entero;91.0; Flo;4.2;0.0;Berlin;Alemania
Apartamento chic, céntrico - Ópera alemana;Alojamiento entero;79.0; Erkan;4.32;65.0;Berlin;Alemania
Apartamento lujoso y con estilo en el aeropuerto DE BER;Alojamiento entero;119.0; Christian;5.0;11.0;Berlin;Alemania
Apartamento céntrico: a 5 minutos de Alexanderplatz.;Alojamiento entero;222.0; Sophie;0.0;0.0;Berlin;Alemania
Apartamento de diseño en Bergmannkiez;Alojamiento entero;150.0; Daniel;0.0;0.0;Berlin;Alemania
Estudio de diseño luminoso y cómodo en Neukölln;Alojamiento entero;110.0; Johannes;5.0;16.0;Berlin;Alemania
Apartamento artístico en Kreuzkölln;Alojamiento entero;112.0; Mariana;0.0;0.0;Berlin;Alemania
Estudio central en Berlín Friedrichshain;Alojamiento entero;81.0; Gundula;5.0;94.0;Berlin;Alemania
Zliving Penthouse;Alojamiento entero;520.0; Duc;0.0;0.0;Berlin;Alemania
Enorme apartamento de 3 habitaciones en distrito para 2 personas;Alojamiento entero;220.0; Eli;5.0;0.0;Berlin;Alemania
Relájate o trabaja +sauna;Alojamiento entero;132.0; Zaneta;5.0;4.0;Berlin;Alemania
Piso céntrico, acogedor y luminoso en Berlín Mitte;Alojamiento entero;130.0; Paulina;4.95;22.0;Berlin;Alemania
Apartamento moderno y luminoso con terraza;Alojamiento entero;114.0; Ellen;5.0;0.0;Berlin;Alemania
estudio, amplio y tranquilo balcón;Alojamiento entero;145.0; Kitty;4.95;367.0;Berlin;Alemania
Apartamento tranquilo y acogedor con chimenea y terraza;Alojamiento entero;80.0; Katrin;5.0;26.0;Berlin;Alemania
303 * Increíble apartamento en la mejor zona;Alojamiento entero;159.0; Douglas;0.0;0.0;Berlin;Alemania
Apartamento de lujo de 100 metros cuadrados en excelente ubicación cerca de Ku'Damm;Alojamiento entero;316.0; Andre;5.0;0.0;Berlin;Alemania
Berlin Friedrichshain Design Loft Apartment + Garden;Alojamiento entero;160.0; Jessica;5.0;41.0;Berlin;Alemania
Apartamento anexo en el sur de Berlín;Alojamiento entero;110.0; Dörte;5.0;48.0;Berlin;Alemania
Apartamento agradable en Prenzlauer Berg;Alojamiento entero;120.0; Paulina;4.95;101.0;Berlin;Alemania
Amplia habitación en su propio piso + con su propio baño;Habitación;97.0; Julia;4.97;34.0;Berlin;Alemania
Apartamento con encanto en Schöneberg;Alojamiento entero;135.0; Johannes;4.97;36.0;Berlin;Alemania
Apartamento con estilo en Charlottenburg;Alojamiento entero;124.0; Ori;0.0;0.0;Berlin;Alemania
Acogedor apartamento Prenzlauer Berg;Alojamiento entero;114.0; Jun;4.94;394.0;Berlin;Alemania
¡Siéntete como en tu alojamiento en cuestión de segundos!;Alojamiento entero;200.0; Nils;5.0;17.0;Berlin;Alemania
Precioso apartamento en Berlín, Friedrichshain;Alojamiento entero;230.0; Nadja;5.0;17.0;Berlin;Alemania
Una joya luminosa;Alojamiento entero;88.0; Holger Und Eike;4.91;0.0;Berlin;Alemania
Chat, apartamento y balcón en el centro del moderno Berlín;Alojamiento entero;62.0; Cannelle;5.0;18.0;Berlin;Alemania
Acogedor apartamento en Charlottenburg;Alojamiento entero;154.0; Daniel;5.0;17.0;Berlin;Alemania
Habitación: Tranquilo, soleado y con vistas al agua;Habitación;69.0;Julia;0.0;0.0;Berlin;Alemania
Chat, apartamento y balcón en el centro del moderno Berlín;Alojamiento entero;62.0; Cannelle;5.0;18.0;Berlin;Alemania
Apartamento Motzstraße (1000) con habitación independiente;Alojamiento entero;143.0; Andrew;4.92;74.0;Berlin;Alemania
Una joya luminosa;Alojamiento entero;88.0; Holger Und Eike;4.91;0.0;Berlin;Alemania
Acogedor apartamento en Charlottenburg;Alojamiento entero;154.0; Daniel;5.0;17.0;Berlin;Alemania
Precioso apartamento en Berlín, Friedrichshain;Alojamiento entero;230.0; Nadja;5.0;17.0;Berlin;Alemania
Paraíso urbano: casa soleada con balcón y gato;Alojamiento entero;99.0; Lisa;5.0;41.0;Berlin;Alemania
Habitación: Tranquilo, soleado y con vistas al agua;Habitación;69.0;Julia;0.0;0.0;Berlin;Alemania
Apartamento en Prenzlauer Berg III;Alojamiento entero;63.0; Frank;4.92;292.0;Berlin;Alemania
Típico berlinés;Habitación;44.0;Uta;4.9;10.0;Berlin;Alemania
Encantador y acogedor apartamento de 1 dormitorio en Neukölln;Alojamiento entero;110.0; Julian-Ferdinand;5.0;10.0;Berlin;Alemania
Precioso dúplex en el corazón de Berlín (Mitte);Alojamiento entero;191.0; Simon;4.95;99.0;Berlin;Alemania
Hermoso anexo en el corazón de Falkensee;Alojamiento entero;129.0; Ralf;4.98;43.0;Berlin;Alemania
Casa D'Oro beutiful maisonette Apartment;Alojamiento entero;277.0; Babett;4.95;196.0;Berlin;Alemania
Chic, Calm + Central Residence;Alojamiento entero;160.0; Gerrit;5.0;4.0;Berlin;Alemania
Sala de estar soleada con balcón;Alojamiento entero;129.0; Kuanita;5.0;7.0;Berlin;Alemania
Hermoso y gran apartamento cerca de Rosenthaler Platz;Alojamiento entero;192.0; Dominic;4.99;96.0;Berlin;Alemania
Apartamento moderno de 2 habitaciones;Alojamiento entero;134.0; Nena;0.0;0.0;Berlin;Alemania
Loft (45 mts2) con terraza, Rummelsburg Bay;Alojamiento entero;84.0; Mirco;4.96;107.0;Berlin;Alemania
Luminoso apartamento de 3 habitaciones en Neukölln;Alojamiento entero;200.0; Frederic;5.0;9.0;Berlin;Alemania
Experimenta Berlín 2020;Alojamiento entero;80.0; Sven;4.95;37.0;Berlin;Alemania
Adorable casa de huéspedes con alberca y sauna en Pankow;Alojamiento entero;206.0; Thomas & Susanne;4.98;61.0;Berlin;Alemania
Apartamento privado Simon-Dach;Alojamiento entero;170.0; Joana Karina;5.0;20.0;Berlin;Alemania
Piso único en Schillerkiez;Alojamiento entero;141.0; Alex;5.0;37.0;Berlin;Alemania
Habitación tranquila en un apartamento queer Friendly;Habitación;77.0;Julien;5.0;13.0;Berlin;Alemania
Apartamento estudio moderno;Alojamiento entero;87.0; Vincent;5.0;7.0;Berlin;Alemania
Vivir en el asentamiento forestal;Alojamiento entero;70.0; Petra;5.0;22.0;Berlin;Alemania
Apartamento acogedor y tranquilo en Berlín cerca del transporte público;Alojamiento entero;77.0; Anica;4.94;100.0;Berlin;Alemania
Estudio en Prenzlauer Berg;Alojamiento entero;81.0; Mostafa;0.0;0.0;Berlin;Alemania
Edificio antiguo de diseño recién reformado;Alojamiento entero;150.0; Indra;5.0;8.0;Berlin;Alemania
ACOGEDOR ALOJAMIENTO;Alojamiento entero;140.0; Vera;5.0;7.0;Berlin;Alemania
The Luxury Orchid Home;Alojamiento entero;249.0; Claas;5.0;0.0;Berlin;Alemania
Soleado balcón loft en la última planta +vista Prenzlauer Berg;Alojamiento entero;139.0; Claus;4.9;185.0;Berlin;Alemania
La mejor ubicación: Precioso apartamento en Friedrichshain;Alojamiento entero;81.0; David;4.94;0.0;Berlin;Alemania
Apartamento recién renovado en el Castillo de Charlottenburg;Alojamiento entero;100.0; Heiko;4.94;162.0;Berlin;Alemania
Tranquilo apartamento estudio cerca del Mauerpark;Alojamiento entero;89.0; Atto;4.97;143.0;Berlin;Alemania
Apartamento tranquilo en la casa sueca en medio de Berlín;Alojamiento entero;112.0; Anke;4.97;140.0;Berlin;Alemania
Apartamento de ensueño en Central Place /Privat Parking;Alojamiento entero;211.0; Mikel;4.95;60.0;Berlin;Alemania
Tranquilo apartamento estudio cerca del Mauerpark;Alojamiento entero;89.0; Atto;4.97;143.0;Berlin;Alemania
Apartamento estudio elegante y moderno en Berlín-Charlottenburg;Alojamiento entero;115.0; Sandra;4.66;44.0;Berlin;Alemania
Apartamento de 2 habitaciones - muy céntrico - Superview Mitte;Alojamiento entero;88.0; Regina;4.94;35.0;Berlin;Alemania
Elegante escondite en el corazón de Berlín.;Alojamiento entero;213.0; Michaela;4.94;31.0;Berlin;Alemania
Amplio, mejor ubicación, 2 balcones, moderno!;Alojamiento entero;249.0; Kolja;4.93;28.0;Berlin;Alemania
Con estilo en Berlín;Alojamiento entero;174.0; Paolo Maria;4.96;28.0;Berlin;Alemania
Piso urbano de Kreuzberg con balcón en el patio;Alojamiento entero;137.0; Andreas;4.89;267.0;Berlin;Alemania
Los oasis urbanos junto al agua;Alojamiento entero;110.0; Anjeza;5.0;10.0;Berlin;Alemania
Über den Dächern von Berlin;Alojamiento entero;65.0; Norbert;4.98;40.0;Berlin;Alemania
Apartamento en Berlín-Adlershof;Alojamiento entero;89.0; Hanna;4.91;32.0;Berlin;Alemania
Apartamento en un edificio antiguo en Alt-Treptow;Alojamiento entero;150.0; Uwe;5.0;15.0;Berlin;Alemania
Acogedor apartamento en Maisonette cerca de KuDamm;Alojamiento entero;119.0; Flo Und Friedl;0.0;0.0;Berlin;Alemania
Habitación privada en lujo. Apartamento limpio de 330 m² + sauna.;Habitación;84.0;Freddy;4.97;31.0;Berlin;Alemania
"En el corazón de Neuköllner Kiez ;)Real Berlin Feeling!";Alojamiento entero;95.0; Villiam;5.0;10.0;Berlin;Alemania
Acogedor apartamento en Sprengelkiez - Berlín;Alojamiento entero;90.0; Guillaume;4.88;8.0;Berlin;Alemania
Acogedora maisonette en el centro de Berlín;Alojamiento entero;90.0; Ursula;0.0;0.0;Berlin;Alemania
Departamento Boutique Ruhiges;Alojamiento entero;70.0; Mathias;4.89;9.0;Berlin;Alemania
En una zona de moda con carácter;Alojamiento entero;118.0; Victor;5.0;0.0;Berlin;Alemania
Elegante apartamento de 70 m2 en el centro de Berlín (Mitte);Alojamiento entero;110.0; Sabine;4.92;0.0;Berlin;Alemania
¡Acogedor apartamento en el corazón de la zona más moderna!;Alojamiento entero;120.0; Artemis- Diana;5.0;6.0;Berlin;Alemania
Bright + green *15 min to Potsdamer Platz*;Alojamiento entero;71.0; Ansgar;4.67;3.0;Berlin;Alemania
Apartamento ejecutivo de 110 metros cuadrados cerca de Museumsinsel;Alojamiento entero;140.0; Christian;5.0;3.0;Berlin;Alemania
Apartamento Urbanes en F-Hain;Alojamiento entero;86.0; Ria;4.91;11.0;Berlin;Alemania
apartamento acogedor en friedrichshain;Alojamiento entero;104.0; Fatoş;0.0;0.0;Berlin;Alemania
204 * El mejor lugar para estar en el centro de la ciudad *;Alojamiento entero;264.0; Douglas;0.0;0.0;Berlin;Alemania
Hermosa habitación junto al canal (Gräfekiez);Habitación;55.0; Katja;4.92;403.0;Berlin;Alemania
Acogedor ático con vistas únicas sobre la ciudad;Alojamiento entero;265.0; Vasil;4.96;26.0;Berlin;Alemania
Acogedora habitación con baño adjunto cerca de Mauerpark;Habitación;65.0;Dave;4.94;78.0;Berlin;Alemania
504 * El lugar para estar en la mejor zona, reformado;Alojamiento entero;245.0; Douglas;5.0;9.0;Berlin;Alemania
Apartamento estudio en Berlín Mitte;Alojamiento entero;92.0; Dominik;5.0;31.0;Berlin;Alemania
Maisonette, la mejor ubicación de 2 balcones de Berlín-Mitte;Alojamiento entero;141.0; Marisa;4.98;81.0;Berlin;Alemania
Penthouse de lujo en el corazón de Berlín;Alojamiento entero;231.0; Stefania;5.0;21.0;Berlin;Alemania
Maisonette en la planta superior del corazón de Berlín;Alojamiento entero;170.0; Stephan;4.96;27.0;Berlin;Alemania
Pequeña casa a las afueras del pueblo;Alojamiento entero;99.0; Celina;0.0;0.0;Berlin;Alemania
Estudio único y tranquilo, excelente ubicación!;Alojamiento entero;104.0; Alexander;4.96;74.0;Berlin;Alemania
Acogedora casa en el maravilloso distrito de Friedrichshain;Alojamiento entero;284.0; Sonya;5.0;22.0;Berlin;Alemania
Apartamento ejecutivo de 110 metros cuadrados cerca de Museumsinsel;Alojamiento entero;140.0; Christian;5.0;3.0;Berlin;Alemania
Berlín puro:elegante neu2 Zi/Terrasse/Zentrum/Mauer;Alojamiento entero;238.0; Kathrin;4.94;52.0;Berlin;Alemania
Maisonette en la planta superior del corazón de Berlín;Alojamiento entero;170.0; Stephan;4.96;27.0;Berlin;Alemania
504 * El lugar para estar en la mejor zona, reformado;Alojamiento entero;245.0; Douglas;5.0;9.0;Berlin;Alemania
Apartamento de lujo en Frankfurter Allee;Alojamiento entero;141.0; Flo;0.0;0.0;Berlin;Alemania
Elegante oasis en el corazón de Berlín;Alojamiento entero;121.0; Sacha;4.88;24.0;Berlin;Alemania
Estudio de artista en Berlín - Prenzlauer Berg;Alojamiento entero;120.0; Georg;4.91;22.0;Berlin;Alemania
Penthouse de lujo en el corazón de Berlín;Alojamiento entero;231.0; Stefania;5.0;21.0;Berlin;Alemania
estudio luminoso en Schöneberg junto a la ciudad de Berlín;Alojamiento entero;137.0; Jens;4.9;217.0;Berlin;Alemania
Acogedora habitación con baño adjunto cerca de Mauerpark;Habitación;65.0;Dave;4.94;78.0;Berlin;Alemania
Waldrand Tiergarten: céntrico, moderno, cómodo;Alojamiento entero;105.0; Katja;4.96;46.0;Berlin;Alemania
Hermosa habitación junto al canal (Gräfekiez);Habitación;55.0; Katja;4.92;403.0;Berlin;Alemania
Karo: un oasis de paz en Kreuzberg;Alojamiento entero;86.0; Jan;4.92;157.0;Berlin;Alemania
TempelCasa;Alojamiento entero;97.0; Alexander;4.88;240.0;Berlin;Alemania
Estudio creativo en Friedrichshain-Boxhagener Platz;Alojamiento entero;120.0; Claudia;4.94;36.0;Berlin;Alemania
Mucho espacio, dentro del anillo;Habitación;82.0;Christof;5.0;3.0;Berlin;Alemania
Maisonette, la mejor ubicación de 2 balcones de Berlín-Mitte;Alojamiento entero;141.0; Marisa;4.98;81.0;Berlin;Alemania
#505 Sé mi huésped;Alojamiento entero;106.0; Apartmently;4.82;76.0;Berlin;Alemania
Estudio creativo en Friedrichshain-Boxhagener Platz;Alojamiento entero;120.0; Claudia;4.94;36.0;Berlin;Alemania
moderno y céntrico estudio cerca de Alexanderplatz;Alojamiento entero;115.0; Julian;4.82;324.0;Berlin;Alemania
SMARTments - Vida temporal en Prenzlauer Berg;Alojamiento entero;95.0; SMARTments;0.0;0.0;Berlin;Alemania
UN GRAN ÁTICO;Alojamiento entero;155.0; Jeep;4.84;132.0;Berlin;Alemania
Acogedora habitación con baño adjunto cerca de Mauerpark;Habitación;65.0;Dave;4.94;78.0;Berlin;Alemania
Apartamento de lujo con carácter en Berlín Kreuzberg-1;Alojamiento entero;129.0; Tuncay;5.0;5.0;Berlin;Alemania
;Alojamiento entero;84.0; Harald;4.97;37.0;Berlin;Alemania
Departamento nuevo accesible;Alojamiento entero;149.0; Tobias;4.93;0.0;Berlin;Alemania
Hermosa habitación junto al canal (Gräfekiez);Habitación;55.0; Katja;4.92;403.0;Berlin;Alemania
Precioso loft, balcón y baño propio;Habitación;71.0; Theresa;4.81;0.0;Berlin;Alemania
Maisonette, la mejor ubicación de 2 balcones de Berlín-Mitte;Alojamiento entero;141.0; Marisa;4.98;81.0;Berlin;Alemania
Industrial-Design Loft de 100 metros cuadrados en Friedrichshain;Alojamiento entero;240.0; Lorant;4.92;89.0;Berlin;Alemania
apartamento acogedor en friedrichshain;Alojamiento entero;104.0; Fatoş;0.0;0.0;Berlin;Alemania
2032 * Acogedor apartamento en el corazón de Berlín;Alojamiento entero;232.0; Douglas;0.0;0.0;Berlin;Alemania
Estudio único y tranquilo, excelente ubicación!;Alojamiento entero;104.0; Alexander;4.96;74.0;Berlin;Alemania
Estudio de 60 metros cuadrados en el parque Gleisdreieck;Alojamiento entero;150.0; Guillermo;0.0;0.0;Berlin;Alemania
Cervecería renovada en un lago;Alojamiento entero;120.0; Dani;0.0;0.0;Berlin;Alemania
Apartamento acogedor autónomo;Alojamiento entero;86.0; Iulia;5.0;11.0;Berlin;Alemania
viajar con un perro no es ningún problema con nosotros;Alojamiento entero;72.0; R;5.0;4.0;Berlin;Alemania
Mucho espacio, dentro del anillo;Habitación;82.0;Christof;5.0;3.0;Berlin;Alemania
FU-Zentral, hermosa parte/departamento en renovado.20er Ja;Alojamiento entero;110.0; Nina;4.93;134.0;Berlin;Alemania
CASA DE CAMPO EN EL CINTURÓN DE TOCINO DE BERLÍN;Alojamiento entero;78.0; Margit;4.99;142.0;Berlin;Alemania
Fantástico apartamento en el ático;Alojamiento entero;130.0; Anna;0.0;0.0;Berlin;Alemania
Departamento de Diseño Prenzlauer Berg;Alojamiento entero;100.0; Maycon & Christian;4.94;83.0;Berlin;Alemania
Hermoso ático / ático con terraza;Alojamiento entero;149.0; Anna & Robin;4.98;43.0;Berlin;Alemania
La joya de Neukölln;Alojamiento entero;77.0; Malte;4.94;16.0;Berlin;Alemania
Apartamento tranquilo de 1 habitación en el parque, a 20 minutos del centro;Alojamiento entero;80.0; Anne;0.0;0.0;Berlin;Alemania
2021 * Apartamento urbano en el centro de la ciudad;Alojamiento entero;249.0; Douglas;0.0;0.0;Berlin;Alemania
Moderno apartamento de edificio antiguo en Charlottenburg;Alojamiento entero;125.0; Lorenz J.;4.91;0.0;Berlin;Alemania
Elegante y acogedora casa de huéspedes con terraza y piscina;Alojamiento entero;90.0; Yannik;4.99;67.0;Berlin;Alemania
Sueño para parejas: habitación en el corazón de Kreuzberg;Habitación;120.0; Cem;4.96;193.0;Berlin;Alemania
Edificio moderno con jardín vertical y 2 recamaras;Alojamiento entero;225.0; Tomasz;4.98;112.0;Berlin;Alemania
Departamento nuevo en Schönefeld;Alojamiento entero;92.0; Frank;0.0;0.0;Berlin;Alemania
Paraíso en madera;Alojamiento entero;68.0; Paul;0.0;0.0;Berlin;Alemania
EXCELENTE apartamento de 102 * en el centro de la ciudad;Alojamiento entero;174.0; Douglas;0.0;0.0;Berlin;Alemania
Habitación de huéspedes balneoterapia Limeil-Brévannes;Habitación;186.0; Stephane;5.0;34.0;Paris;Francia
Casa Nina, Suite de excepción;Alojamiento entero;379.0; Maison;4.94;196.0;Paris;Francia
Estudio en la calle la Boëtie;Alojamiento entero;100.0; Priscille;0.0;0.0;Paris;Francia
Acogedor apartamento * Puertas de París * Pareja ideal;Alojamiento entero;89.0; Fanny;5.0;0.0;Paris;Francia
2 habitaciones en París - Campos de Marte/Torre Eiffel;Alojamiento entero;130.0; Valentine;0.0;0.0;Paris;Francia
Estudio con encanto bien situado;Alojamiento entero;86.0; Marie;4.83;0.0;Paris;Francia
Apartamento luminoso con vistas a los tejados;Alojamiento entero;86.0; Valentin;0.0;0.0;Paris;Francia
¡Sol en el corazón de Le Marais!;Alojamiento entero;300.0; Illi;0.0;0.0;Paris;Francia
Appart Paris16 Tour Eiffel Troca;Alojamiento entero;250.0; Simon;0.0;0.0;Paris;Francia
La mejor vista de la torre Eiffel.;Alojamiento entero;240.0; Jeanne;0.0;0.0;Paris;Francia
Elegante art deco a pie de París 16.;Alojamiento entero;265.0; Miles;5.0;20.0;Paris;Francia
Amplio apartamento de 2 habitaciones con terraza;Alojamiento entero;130.0; Thierry;4.92;62.0;Paris;Francia
Encantador estudio en un barrio animado;Alojamiento entero;110.0; Rodolphe;4.97;174.0;Paris;Francia
Encanto de 2 habitaciones Montmartre;Alojamiento entero;99.0; Alban;0.0;0.0;Paris;Francia
Precioso apartamento en Le Marais;Alojamiento entero;; Steeve;0.0;0.0;Paris;Francia
Encanto y comodidad en el corazón de Batignolles;Alojamiento entero;210.0; Clément;4.94;18.0;Paris;Francia
Balcón | en el corazón del distrito 9;Alojamiento entero;164.0; Julian;0.0;0.0;Paris;Francia
Apartamento tranquilo en Montmartre - EasyHostin';Alojamiento entero;179.0; Samuel;5.0;9.0;Paris;Francia
Apartamento tranquilo en Montmartre - EasyHostin';Alojamiento entero;179.0; Samuel;5.0;9.0;Paris;Francia
Edgar Suites Bouchardon - Studio superior patio;Alojamiento entero;308.0; Edgar;4.96;24.0;Paris;Francia
Encantador apartamento - Canal St Martin/République;Alojamiento entero;140.0; Thibault;4.98;0.0;Paris;Francia
Apartamento tranquilo Abbesses Montmartre;Alojamiento entero;145.0; Benoit;5.0;17.0;Paris;Francia
Increíble apartamento en Montmartre 2/4P;Alojamiento entero;138.0; Anthony;5.0;0.0;Paris;Francia
Le Van Gogh Appart • 3'RER • 11'Paris • 23'Disney;Alojamiento entero;110.0; Ornella;4.97;29.0;Paris;Francia
Ático Sky cerca de la torre Eiffel;Habitación;280.0; Mickael;4.9;230.0;Paris;Francia
Joie Paris Poliveau;Alojamiento entero;; Joie Paris;0.0;0.0;Paris;Francia
Acogedor apartamento para 2 -canal st Martin;Alojamiento entero;87.0; Alexia;3.67;3.0;Paris;Francia
Gran apartamento acogedor a orillas del canal;Alojamiento entero;180.0; Quentin;4.94;17.0;Paris;Francia
Un increíble 1-Br/1BA en Montmartre;Alojamiento entero;168.0; Eunice;0.0;0.0;Paris;Francia
Lac du Panorama* cerca de París* aparcamiento privado *;Alojamiento entero;140.0; Wahab;5.0;0.0;Paris;Francia
Impresionante apartamento de lujo moderno y reformado;Alojamiento entero;191.0; Jean-Christophe;5.0;4.0;Paris;Francia
Escapada a la selva bajo el cielo parisino;Alojamiento entero;152.0; Tam;5.0;3.0;Paris;Francia
Lujoso Apartamento Jacuzzi cerca de París;Alojamiento entero;128.0; Sadia;5.0;17.0;Paris;Francia
Apartamento T3 cerca de Montmartre;Alojamiento entero;190.0; Doriane;5.0;3.0;Paris;Francia
Apto. 40M² Torre Eiffel - Puerta Versalles;Alojamiento entero;130.0; Patricia;4.98;87.0;Paris;Francia
* Apartamento acogedor * Puertas de París*;Alojamiento entero;136.0; Patrick;0.0;0.0;Paris;Francia
Acogedor apartamento cerca de Rivoli y del Museo del Louvre;Alojamiento entero;261.0; Checkmyguest;0.0;0.0;Paris;Francia
Hermoso apartamento con vistas a la Torre Eiffel;Alojamiento entero;120.0; Raed;0.0;0.0;Paris;Francia
Estudio céntrico +Wifi rápido + Desayuno + Vino;Alojamiento entero;180.0; Floriane;5.0;24.0;Paris;Francia
Magnífico Apartamento 1BR/4P - Montorgueil 6;Alojamiento entero;188.0; Alex;4.71;0.0;Paris;Francia
Encantador apartamento en el corazón de París;Alojamiento entero;219.0; Checkmyguest;0.0;0.0;Paris;Francia
Encanto parisino con vistas;Alojamiento entero;; Cendrine;0.0;0.0;Paris;Francia
Un increíble 1-Br/1BA en Montmartre;Alojamiento entero;176.0; Eunice;0.0;0.0;Paris;Francia
Luminoso y tranquilo, T2 equipado a 15 minutos de París;Alojamiento entero;67.0; Boris;5.0;5.0;Paris;Francia
Encanto urbano: 2 habitaciones Acogedor cerca de Accor Arena;Alojamiento entero;95.0; Manon;5.0;8.0;Paris;Francia
Luxury & Design Flat 1BR/4P- Bastille;Alojamiento entero;289.0; Arnaud Et Sam;0.0;0.0;Paris;Francia
Luxueux 60m² central de Beaubourg;Alojamiento entero;220.0; Merci Alice;0.0;0.0;Paris;Francia
Montmartre Duplex, Sacré-Cœur - Charming Hideaway;Alojamiento entero;219.0; Joie Paris;0.0;0.0;Paris;Francia
Loft chic vintage Paris center;Alojamiento entero;182.0; Guillemette;4.78;27.0;Paris;Francia
Magnífico Apartamento 1BR/4P - Montorgueil 7;Alojamiento entero;196.0; Alex;4.6;0.0;Paris;Francia
Acogedor apartamento en Montmartre;Alojamiento entero;130.0; Sebastien;5.0;5.0;Paris;Francia
Suite de 3 habitaciones en París - Nation;Alojamiento entero;198.0; Walid;5.0;29.0;Paris;Francia
Ubicación superior - París/Disney/Montmartre;Alojamiento entero;160.0; Yasmina;4.79;14.0;Paris;Francia
Apartamento con encanto cerca de los Quais de Seine;Alojamiento entero;280.0; Checkmyguest;0.0;0.0;Paris;Francia
Acogedor apartamento en un callejón tranquilo;Alojamiento entero;155.0; Lucile;5.0;6.0;Paris;Francia
Apartamento de diseño con vistas a París;Alojamiento entero;196.0; Damien;5.0;31.0;Paris;Francia
Superbe studio vue Tour Eiffel;Alojamiento entero;90.0; Lisa;5.0;17.0;Paris;Francia
Encantador Père Lachaise de dos habitaciones;Alojamiento entero;120.0; Mylene;5.0;6.0;Paris;Francia
Cerca de la Torre Eiffel, metro y comercios.;Habitación;130.0;Marine;4.95;186.0;Paris;Francia
Acogedora casa con terraza cerca del Canal Saint-Martin;Alojamiento entero;117.0; Checkmyguest;0.0;0.0;Paris;Francia
En el muelle, frente al Louvre, muy limpio, buen wifi;Habitación;163.0; Julia;4.97;331.0;Paris;Francia
Apartamento de 2 habitaciones luminoso;Alojamiento entero;140.0; Annabelle;0.0;0.0;Paris;Francia
Encantador estudio Montmartre en el último piso tranquilo;Alojamiento entero;95.0; Tiphaine;0.0;0.0;Paris;Francia
Un increíble 1-Br/1BA en Montmartre;Alojamiento entero;176.0; Eunice;0.0;0.0;Paris;Francia
Magnífico Apartamento 1BR/4P - Montorgueil 7;Alojamiento entero;196.0; Alex;4.6;0.0;Paris;Francia
París: apartamento tranquilo y luminoso;Alojamiento entero;115.0; Lisa;4.88;16.0;Paris;Francia
Tour moderno estudio bail mobilité con vistas a Eiffel;Alojamiento entero;140.0; Linda;4.97;91.0;Paris;Francia
Apartamento recién renovado entre la Ópera y el Louvre;Alojamiento entero;281.0; Guillaume Et Penelope;4.94;150.0;Paris;Francia
Boisseau, 1Ch/1Sdb, 2 personas;Alojamiento entero;220.0; Ludovic;0.0;0.0;Paris;Francia
Balcón | en el corazón del distrito 9;Alojamiento entero;164.0; Julian;0.0;0.0;Paris;Francia
Diseño de 44m ² | CDG | París | Disney | Astérix;Alojamiento entero;71.0; Mike;4.94;0.0;Paris;Francia
Apartamento luminoso cerca de la plaza Léon Blum;Alojamiento entero;180.0; Philippe;4.96;25.0;Paris;Francia
Boisseau, 1Ch/1Sdb, 2 personas;Alojamiento entero;220.0; Ludovic;0.0;0.0;Paris;Francia
Diseño de 44m ² | CDG | París | Disney | Astérix;Alojamiento entero;71.0; Mike;4.94;0.0;Paris;Francia
Apartamento luminoso cerca de la plaza Léon Blum;Alojamiento entero;180.0; Philippe;4.96;25.0;Paris;Francia
Apartamento elegante en París y terraza;Alojamiento entero;160.0; Patrick;0.0;0.0;Paris;Francia
Acogedor T2 con balcón -RER B/París;Alojamiento entero;70.0; Tanedice;4.9;10.0;Paris;Francia
Loft 52m²+estacionamiento a 15 min del centro de París;Alojamiento entero;91.0; Lorenzo;4.99;0.0;Paris;Francia
Apartamento 1 BR con balcón - Chatelet/ París 2;Alojamiento entero;247.0; Xiaoling;4.81;132.0;Paris;Francia
Luxueux 60m² central de Beaubourg;Alojamiento entero;220.0; Merci Alice;0.0;0.0;Paris;Francia
Apartamento de 2 habitaciones luminoso;Alojamiento entero;140.0; Annabelle;0.0;0.0;Paris;Francia
LE MARAIS - NUEVO APARTAMENTO DE ALTA GAMA;Alojamiento entero;179.0; Valery;4.55;121.0;Paris;Francia
Loft chic vintage Paris center;Alojamiento entero;182.0; Guillemette;4.78;27.0;Paris;Francia
Maison Bůoise 1BR/3P con AC en los Campos Elíseos;Alojamiento entero;205.0; Cozy BnB;4.92;62.0;Paris;Francia
Magnífico Apartamento 1BR/4P - Montorgueil 4;Alojamiento entero;214.0; Alex;4.6;0.0;Paris;Francia
Precioso apartamento en el corazón del distrito 16;Alojamiento entero;187.0; Checkmyguest;4.55;0.0;Paris;Francia
Hermosa vista estudio París 17;Alojamiento entero;90.0; Céline;0.0;0.0;Paris;Francia
El Sorprendente - París;Alojamiento entero;223.0; Laura;0.0;0.0;Paris;Francia
Luxury & Design Flat 1BR/4P- Bastille;Alojamiento entero;299.0; Arnaud Et Sam;0.0;0.0;Paris;Francia
Un increíble 1-Br/1BA en Montmartre;Alojamiento entero;176.0; Eunice;0.0;0.0;Paris;Francia
El Sorprendente - París;Alojamiento entero;223.0; Laura;0.0;0.0;Paris;Francia
Apartamento de lujo de un dormitorio cerca del Louvre II;Alojamiento entero;481.0; Ornella;4.89;27.0;Paris;Francia
1556: Estudio Madeleine en los Juegos Olímpicos de París 2024;Alojamiento entero;180.0; Holidays;4.89;9.0;Paris;Francia
Apartamento de lujo cerca del Sagrado Corazón;Alojamiento entero;; Capucine;0.0;0.0;Paris;Francia
Increíble apartamento 1BR/4P - Montorgueil - 3;Alojamiento entero;251.0; Checkmyguest;4.69;0.0;Paris;Francia
INCREÍBLE LOFT HISTÓRICO PARISINO JUNTO A LA ZONA DEL LOUVRE! - 4;Alojamiento entero;272.0; Checkmyguest;4.56;0.0;Paris;Francia
*Encantador apartamento para 2 en Trocadéro - París 16*;Alojamiento entero;140.0; Pierre De WeHost;4.27;11.0;Paris;Francia
Apartamento de 2 habitaciones «como en casa»;Alojamiento entero;70.0; Mathilde;0.0;0.0;Paris;Francia
La Maison Kleber, Luxury 1BR Eiffel Champs-Elysées;Alojamiento entero;325.0; Jean-Pierre;5.0;0.0;Paris;Francia
Piso de estilo con aire acondicionado en Marais en el último piso;Alojamiento entero;444.0; Vinicius Parisian;0.0;0.0;Paris;Francia
CityStay Confort 5 min en metro;Alojamiento entero;114.0; Charles;5.0;6.0;Paris;Francia
Amplio loft reformado con aire acondicionado;Alojamiento entero;319.0; Guillaume Et Penelope;5.0;52.0;Paris;Francia
Piso a 10 minutos del centro de París;Alojamiento entero;70.0; Barbara;5.0;3.0;Paris;Francia
Luminoso apartamento de Batignolles con vistas a la Torre Eiffel;Alojamiento entero;135.0; Charlotte;5.0;3.0;Paris;Francia
Acogedor apartamento en Montmartre;Alojamiento entero;130.0; Sebastien;5.0;5.0;Paris;Francia
Magnífico Apartamento 1BR/4P - Montorgueil 5;Alojamiento entero;218.0; Alex;4.63;0.0;Paris;Francia
Ultra Central Historical Parisian Flat - Louvre;Alojamiento entero;184.0; Checkmyguest;4.67;0.0;Paris;Francia
En el muelle, frente al Louvre, muy limpio, buen wifi;Habitación;163.0; Julia;4.97;331.0;Paris;Francia
Apartamento atípico y encantador en el centro de Le Marais;Alojamiento entero;540.0; Julien;5.0;18.0;Paris;Francia
Apartamento romántico Montmartre & Pigalle;Alojamiento entero;235.0; Manon;5.0;25.0;Paris;Francia
Ambiente acogedor en el barrio superior a 15 minutos de París;Alojamiento entero;54.0; Marc-Olivier Et Sabéha;5.0;18.0;Paris;Francia
Acogedor apartamento con balcón cerca de Montmartre;Alojamiento entero;114.0; Nadia;0.0;0.0;Paris;Francia
Marais - République;Alojamiento entero;349.0; Clara;0.0;0.0;Paris;Francia
Estudio Montmartre con balcón;Alojamiento entero;120.0; Valérie;5.0;7.0;Paris;Francia
En el corazón de Montmartre;Alojamiento entero;205.0; Benjamin;5.0;22.0;Paris;Francia
L'Eden - Casa para 12 PERSONAS - París y Disney;Alojamiento entero;279.0; Get Host;5.0;0.0;Paris;Francia
¡Airbnb de verdad, bienvenida a casa !;Alojamiento entero;220.0; Sarah;5.0;3.0;Paris;Francia
Acogedor apartamento en el corazón de París Bonne Nouvelle;Alojamiento entero;269.0; Jean;5.0;67.0;Paris;Francia
Gran apartamento parisino a dos pasos del pantano;Alojamiento entero;189.0; Julien;5.0;45.0;Paris;Francia
Apartamento de arquitecto con terraza privada;Alojamiento entero;110.0; Mélissa;5.0;12.0;Paris;Francia
Apartamento parisino chic chic con vistas a la azotea;Alojamiento entero;715.0; Elsa&Yann;5.0;0.0;Paris;Francia
Mon Boudoir a 10 min de París - 50m2;Alojamiento entero;65.0; Mathieu;5.0;24.0;Paris;Francia
Metro Line 1: Comfortable flat near La Défense;Alojamiento entero;68.0; Bruno;4.92;257.0;Paris;Francia
Estudio Céntrico, Wifi + Desayuno + Vino;Alojamiento entero;180.0; Floriane;5.0;29.0;Paris;Francia
Terraza floral, vista, relax asegurado;Alojamiento entero;140.0; David;4.9;10.0;Paris;Francia
Escapada romántica en Montmartre;Alojamiento entero;165.0; Caroline;5.0;3.0;Paris;Francia
Acogedor encanto y elegancia parisina junto a Canal St. Martin;Alojamiento entero;315.0; Ferdinand;5.0;0.0;Paris;Francia
Fantástico apartamento familiar a 20 minutos del centro;Alojamiento entero;286.0; Raphael;0.0;0.0;Paris;Francia
Terraza floral, vista, relax asegurado;Alojamiento entero;140.0; David;4.9;10.0;Paris;Francia
Bohème-chic, zona Opéra-Grands Boulevards;Alojamiento entero;234.0; Didier;5.0;6.0;Paris;Francia
Encantador apartamento en el corazón de París;Alojamiento entero;290.0; Paul;5.0;0.0;Paris;Francia
Apartamento luminoso en el 10º;Alojamiento entero;350.0; Adrien;5.0;8.0;Paris;Francia
Amplio estudio Montmartre Airco;Alojamiento entero;150.0; Pierre;4.93;472.0;Paris;Francia
Elegante burbuja parisina enVillage Jourdain/Pyrénées;Alojamiento entero;124.0; Nadir;4.94;72.0;Paris;Francia
Apartamento del arquitecto;Alojamiento entero;124.0; Pauline;0.0;0.0;Paris;Francia
Arco de Triunfo ! Champs-Elysées ! Tranquilo y acogedor;Alojamiento entero;250.0; Octave;4.94;17.0;Paris;Francia
República, amplio y lujoso 2 habitaciones;Alojamiento entero;169.0; Elsa;5.0;10.0;Paris;Francia
TRANQUILO PISO EN EL CORAZÓN DE PARIS;Alojamiento entero;100.0; Nathalie;4.88;416.0;Paris;Francia
Gran estudio en el centro de París, cerca del Louvre;Alojamiento entero;210.0; Pauline;4.98;42.0;Paris;Francia
Apartment Studio de 25 m²: Le Marais, París.;Alojamiento entero;178.0; Nicolas;4.98;135.0;Paris;Francia
Apartamento de 2 habitaciones tranquilo en el jardín;Alojamiento entero;140.0; Eric;4.94;16.0;Paris;Francia
Fabuloso estudio en el corazón de Old Montmartre;Alojamiento entero;216.0; Charlotte;4.99;124.0;Paris;Francia
Estudio Petit - París 12;Alojamiento entero;96.0; Claire;4.87;30.0;Paris;Francia
Amplio y tranquilo apartamento de 2 dormitorios con aire acondicionado y patio;Alojamiento entero;378.0; Will Renting;5.0;0.0;Paris;Francia
Apartamento acogedor - Sentier;Alojamiento entero;240.0; Émeline;4.96;23.0;Paris;Francia
2 habitaciones y balcón en casa de Pauline;Alojamiento entero;184.0; Pauline;4.95;21.0;Paris;Francia
Fabuloso estudio en el corazón de Old Montmartre;Alojamiento entero;216.0; Charlotte;4.99;124.0;Paris;Francia
Amplio y tranquilo apartamento de 2 dormitorios con aire acondicionado y patio;Alojamiento entero;378.0; Will Renting;5.0;0.0;Paris;Francia
Piso del arquitecto en el canal;Alojamiento entero;143.0; Dimitri;4.86;29.0;Paris;Francia
Centro histórico Habitación, cocina, baño del estudiante.;Alojamiento entero;110.0; Nathalie Et Gilles;5.0;10.0;Paris;Francia
Saint-Germain-des-Près rue Échaudé;Alojamiento entero;220.0; Tatiana;4.86;304.0;Paris;Francia
Increíble apartamento 1BR/4P Le Marais;Alojamiento entero;350.0; Carine;5.0;3.0;Paris;Francia
Jardín secreto/ 75011 París;Alojamiento entero;280.0; Morgan;5.0;21.0;Paris;Francia
Apartamento luminoso, cerca del metro, fácil acceso;Alojamiento entero;80.0; Rani;5.0;4.0;Paris;Francia
¡Suite de diseño con terraza privada en el centro de París!;Alojamiento entero;596.0; Daniel;4.9;80.0;Paris;Francia
Encantador T2 a las puertas de París;Alojamiento entero;82.0; Mathilde;5.0;0.0;Paris;Francia
Suite entera Eiffel Premier;Habitación;150.0; Kazumi;4.9;249.0;Paris;Francia
París: apartamento a estrenar en residencia segura;Alojamiento entero;200.0; Adrien;4.96;114.0;Paris;Francia
Apartamento con fantásticas vistas en Pantin - Welkeys;Alojamiento entero;92.0; Welkeys;0.0;0.0;Paris;Francia
#Paris 12 Gare de Lyon Bercy Accor Arena Bastille#;Alojamiento entero;124.0; K.;4.99;99.0;Paris;Francia
Apartamento acogedor y luminoso;Alojamiento entero;160.0; Sabine;0.0;0.0;Paris;Francia
Acogedor apartamento en el corazón de París;Alojamiento entero;301.0; Caroline And Charles;5.0;56.0;Paris;Francia
París 12: habitación independiente con patio florido;Habitación;100.0; Anne Charlotte;4.95;354.0;Paris;Francia
Apartamento tranquilo - Barrio Latino Mouftard;Alojamiento entero;150.0; Françoise;0.0;0.0;Paris;Francia
Superanfitrión con encanto de 2 dormitorios en el corazón de París;Alojamiento entero;295.0; Jean-Philippe;4.88;230.0;Paris;Francia
Excelente ubicación Paris Centre;Alojamiento entero;100.0; Charles;4.85;86.0;Paris;Francia
Dos habitaciones con encanto de Notre Dame;Alojamiento entero;135.0; Emma;5.0;3.0;Paris;Francia
Moderno, tranquilo y seguro en la ubicación correcta;Alojamiento entero;162.0; Alexandre;4.96;100.0;Paris;Francia
Magnífico Apartamento 1BR/4P - Montorgueil 2;Alojamiento entero;212.0; Alex;4.65;0.0;Paris;Francia
Estudio de lujo de clase alta rue Saint-Honoré;Alojamiento entero;150.0; Roumen;4.92;97.0;Paris;Francia
Riviera Maya - Estación TGV 3 min a pie - Cerca de París;Alojamiento entero;83.0; Myriam;4.93;107.0;Paris;Francia
Appartement Place Vendôme Paris;Alojamiento entero;159.0; Marc;0.0;0.0;Paris;Francia
Estudio o calma;Alojamiento entero;75.0; Laurent;4.97;32.0;Paris;Francia
Apartamento 38 m² a Nation - 1 cama queen + 1 sofá cama;Alojamiento entero;154.0; Guillaume;4.97;32.0;Paris;Francia
"Louvre - Acogedor estudio elegante - ""Emily in Paris""";Alojamiento entero;275.0; Alexandre;4.98;51.0;Paris;Francia
Rue Vavin;Alojamiento entero;180.0; Camille;4.71;7.0;Paris;Francia
Amplio estudio en la agradable zona de Gambetta;Habitación;100.0;Marie;4.98;60.0;Paris;Francia
Loft Dúplex Luminoso con vistas + Estufa + Bañera;Alojamiento entero;100.0; Frédéric;4.99;83.0;Paris;Francia
Impresionante apartamento acogedor entre Disney y París;Alojamiento entero;85.0; Jp;4.96;224.0;Paris;Francia
Apartamento de 2 habitaciones en el centro de París;Alojamiento entero;170.0; Jimmy;4.8;20.0;Paris;Francia
Loft Dúplex Luminoso con vistas + Estufa + Bañera;Alojamiento entero;100.0; Frédéric;4.99;83.0;Paris;Francia
Appartement Place Vendôme Paris;Alojamiento entero;159.0; Marc;0.0;0.0;Paris;Francia
Otro lado;Alojamiento entero;96.0; Fernanda;4.83;47.0;Paris;Francia
Precioso loft en el corazón de París 501;Alojamiento entero;229.0; Nicola;4.94;16.0;Paris;Francia
Jacuzzi Versailles - Sauna - C;Alojamiento entero;134.0; Art;4.89;9.0;Paris;Francia
Encantador Maur Escape Apartment 3 minutos estación;Alojamiento entero;72.0; Svitlana;4.91;23.0;Paris;Francia
Amplio estudio en la agradable zona de Gambetta;Habitación;100.0;Marie;4.98;60.0;Paris;Francia
Suite de lujo con jardín privado Sauna y Jaccuzi;Alojamiento entero;396.0; Nathanel;4.95;22.0;Paris;Francia
Precioso apartamento con balcón, junto al Jardín de plantas.;Alojamiento entero;260.0; Laurent;5.0;19.0;Paris;Francia
Magnífico Apartamento 1BR/4P - Montorgueil 2;Alojamiento entero;212.0; Alex;4.65;0.0;Paris;Francia
EL capullo soleado DEL NIDO totalmente equipado, en el centro de la ciudad;Alojamiento entero;145.0; Arnaud, AD HOC HOSTING;5.0;25.0;Paris;Francia
Apartamento a 5 minutos de París Metro 7 Aparcamiento gratuito;Alojamiento entero;90.0; Khadija;0.0;0.0;Paris;Francia
Escapada parisina;Habitación;169.0; Lia;4.92;79.0;Paris;Francia
Vive como un parisino;Alojamiento entero;250.0; Mathieu;4.98;148.0;Paris;Francia
¡El acogedor del 15!;Alojamiento entero;137.0; Veronique;5.0;20.0;Paris;Francia
Acogedor apartamento 4P/1BR - Le Marais;Alojamiento entero;228.0; Checkmyguest;4.9;0.0;Paris;Francia
Estudio entre canal st martin y buttes-chaumont;Alojamiento entero;138.0; Thibault;5.0;10.0;Paris;Francia
Apartamento en Trocadéro;Alojamiento entero;315.0; John;5.0;12.0;Paris;Francia
Dos habitaciones 42 m² reformado con aparcamiento gratuito;Alojamiento entero;69.0; Meriem Et Sofiane;4.88;223.0;Paris;Francia
Oasis Marais, un jardín en París;Alojamiento entero;150.0; Guillaume;4.86;29.0;Paris;Francia
Elegante apartamento cerca de los Campos Elíseos 403;Alojamiento entero;258.0; Michaella;4.92;152.0;Paris;Francia
Precioso y acogedor de 2 habitaciones;Alojamiento entero;62.0; Homy Stays;0.0;0.0;Paris;Francia
Canal de París Saint Martin 55m2;Alojamiento entero;110.0; Sylvain;4.86;0.0;Paris;Francia
Acogedora casa con terraza cerca del Canal Saint-Martin;Alojamiento entero;117.0; Checkmyguest;0.0;0.0;Paris;Francia
Lavie Maison : aire acondicionado y espacioso y centro de París;Alojamiento entero;453.0; Lavie Maison;5.0;8.0;Paris;Francia
Hermoso apartamento - París 11;Alojamiento entero;144.0; Evariste;0.0;0.0;Paris;Francia
Apartamento con aire acondicionado, Barrio Latino, 40m2;Alojamiento entero;250.0; Elena;5.0;37.0;Paris;Francia
Precioso apartamento en la Bastilla, cerca de Marais;Alojamiento entero;190.0; Damien;5.0;29.0;Paris;Francia
Acogedor y tranquilo departamento entre el 11/Le Marais;Alojamiento entero;130.0; Ryan;4.76;29.0;Paris;Francia
Torre Eiffel EN TU salón;Alojamiento entero;288.0; Vanessa;4.92;215.0;Paris;Francia
Elegante apartamento en el Palacio Real de RICHELIEU;Alojamiento entero;533.0; Clarisse;4.96;0.0;Paris;Francia
Encantador 40m2 barrio Saint-Maur;Alojamiento entero;125.0; Céline;4.88;32.0;Paris;Francia
Loft de lujo con aire acondicionado en París;Alojamiento entero;129.0; Arnaud, AD HOC HOSTING;4.96;138.0;Paris;Francia
Apartamento de lujo cerca del Sagrado Corazón;Alojamiento entero;; Capucine;0.0;0.0;Paris;Francia
Excepcional 2 hermanos con una fantástica vista a la Torre Eiffel;Alojamiento entero;601.0; Alexandre;4.95;138.0;Paris;Francia
Nid Cosy proche Arc de Triomphe;Alojamiento entero;120.0; Theo;4.92;13.0;Paris;Francia
Marais: un dormitorio luminoso y decorado con gusto;Alojamiento entero;228.0; Vincent;4.92;132.0;Paris;Francia
Estudio - Eiffel - Invalides - Rue Cler;Alojamiento entero;143.0; Anne;5.0;0.0;Paris;Francia
Apartamento luminoso con vistas a los tejados;Alojamiento entero;86.0; Valentin;0.0;0.0;Paris;Francia
Loft parisino moderno cerca de varias líneas de metro;Alojamiento entero;140.0; Xiaoling;4.86;84.0;Paris;Francia
Luxury & Design Flat 1BR/4P- Bastille;Alojamiento entero;299.0; Arnaud Et Sam;0.0;0.0;Paris;Francia
EL acogedor apartamento con aire acondicionado de PALMERAS en el centro de París;Alojamiento entero;191.0; Arnaud, AD HOC HOSTING;4.94;154.0;Paris;Francia
Encantador apartamento cerca de Marais/Sentier;Alojamiento entero;276.0; Checkmyguest;4.75;0.0;Paris;Francia
75m2 dúplex luminoso&confortable /habitación grande;Alojamiento entero;150.0; Manon;5.0;3.0;Paris;Francia
Escapada exclusiva: alojamiento Luxe en una ubicación privilegiada A21;Alojamiento entero;408.0; Checkmyguest;4.92;0.0;Paris;Francia
El Sagrado Corazón de París: unas vistas perfectas;Alojamiento entero;125.0; Paula;5.0;19.0;Paris;Francia
Casa acogedora - Rer C & A15;Alojamiento entero;45.0; Eddy;5.0;4.0;Paris;Francia
Sublim apart «la marquise »paris centterrace 2bh;Alojamiento entero;240.0; Fanny;0.0;0.0;Paris;Francia
Apartamento acogedor y encantador au coeur de París;Alojamiento entero;134.0; Rose;4.87;0.0;Paris;Francia
Encantador apartamento a 10 minutos a pie del metro 12 París;Alojamiento entero;71.0; Marie;5.0;34.0;Paris;Francia
Acogedor T2 Barrio de los Campos Elíseos (avenida Hoche);Alojamiento entero;130.0; Stéphane;5.0;34.0;Paris;Francia
¡Maravilloso apartamento Saint Germain des Prés !;Alojamiento entero;150.0; Alexandra;4.85;20.0;Paris;Francia
Amplio apartamento renovado cerca del Louvre;Alojamiento entero;292.0; Guillaume Et Penelope;4.95;366.0;Paris;Francia
* Louvre Saint-Eustache Opéra * París;Alojamiento entero;426.0; Rose;4.91;99.0;Paris;Francia
¡Maravilloso apartamento Saint Germain des Prés !;Alojamiento entero;150.0; Alexandra;4.85;20.0;Paris;Francia
Paz - Apartamento luminoso y cómodo;Alojamiento entero;110.0; Maxime;4.95;79.0;Paris;Francia
Encantador apartamento recientemente reformado en el día 7;Alojamiento entero;325.0; Ashley;5.0;0.0;Paris;Francia
Luminoso apartamento en el corazón de Batignolles;Alojamiento entero;320.0; Alexandre;5.0;16.0;Paris;Francia
Obelisco de la Bastilla;Alojamiento entero;162.0; Léa;4.75;4.0;Paris;Francia
Estudio parisino cerca de la Torre Eiffel;Alojamiento entero;180.0; Yoel;4.96;26.0;Paris;Francia
Luminoso apartamento para 2 personas justo al lado de París;Alojamiento entero;59.0; Paris Conciergerie;0.0;0.0;Paris;Francia
Vista rara, a dos pasos del Sena.;Alojamiento entero;140.0; Rany;0.0;0.0;Paris;Francia
Estudio de 16 m² en el 2º arr.;Alojamiento entero;100.0; Léonard;5.0;0.0;Paris;Francia
Apartamento elegante en Montmartre;Alojamiento entero;145.0; Sylvie;4.9;30.0;Paris;Francia
Precioso Sacré-Cœur;Alojamiento entero;109.0; Chantal;0.0;0.0;Paris;Francia
Cálido apartamento Montmartre - EasyHostin';Alojamiento entero;200.0; Samuel;4.94;18.0;Paris;Francia
Aparentemente muy céntrico en el corazón de París 35 m2;Alojamiento entero;111.0; Maria;4.86;0.0;Paris;Francia
PRECIOSO APARTAMENTO EN MONTORGUEIL PARIS;Alojamiento entero;199.0; Rodolphe;4.88;182.0;Paris;Francia
2 habitaciones (43 m²), Place d 'Italie - París 13;Alojamiento entero;107.0; Pierre;4.96;0.0;Paris;Francia
Apartamento muy tranquilo Ópera - Pigalle;Alojamiento entero;230.0; Théo;4.94;18.0;Paris;Francia
Apartamento de 2 habitaciones en el Canal Saint Martin;Alojamiento entero;101.0; Céline;4.82;17.0;Paris;Francia
La Diva - Le Haut Marais - With AirCon!;Alojamiento entero;190.0; Eric Et Shioji;4.8;241.0;Paris;Francia
